"","Block_Name","X","Year","Marks1","Marks2","Marks3","Marks4","Marks5","Marks6","Total","Dist_Name","Rural_Urban","No_of_Working_Days","No_of_Acad_Inspection","School_Dev_Grant_Recd","School_Dev_Grant_Expnd","TLM_Grant_Recd","TLM_Grant_Expnd","Tot_Clrooms","Toilet_Girls","Electricity","Library","PlayGround","Male_Tch","Female_Tch","Graduate_Teachers","Tch_with_Prof_Qual","Days_involved_in_non_tch_assgn","Teachers_involved_in_non_tch_assgn","Public","Split","Households","TotPop","Pop0.6","Literates","TotWPop","SCST","District","Yr2005","Yr2006","Yr2007","Yr2008","Yr2009","Yr2010","Yr2011","Yr2012","Yr2013","SchoolperPop2005","SchoolperPop2006","SchoolperPop2007","SchoolperPop2008","SchoolperPop2009","SchoolperPop2010","SchoolperPop2011","SchoolperPop2012","SchoolperPop2013"
"1","AFZALPUR",1,2005,59.47780443,36.86489778,56.21957155,35.52719177,38.77918784,49.72016609,276.5888195,"GULBARGA",0.946428571,81.51190476,1.148809524,2888.27381,995.875,5640.196429,2242.839286,3.910714286,1,0.583333333,0.851190476,0.702380952,3.05952381,1.494047619,72.11904762,4.452380952,0,0,0.958333333,1,31054,180071,29789,76478,76856,35823,"GULBARGA",168,174,179,195,206,217,267,242,253,0.932965330341921,0.966285520711275,0.99405234601907,1.08290618700402,1.14399320268116,1.20508021835831,1.48274847143627,1.34391434489729,1.40500136057444
"2","ALAND",10,2005,65.49772636,36.75792478,57.56871826,41.07394692,41.39071271,52.96554013,295.2545692,"GULBARGA",0.92936803,105.4795539,0.936802974,2971.349442,1551.360595,6295.464684,2972.69145,4.446096654,1,0.501858736,0.713754647,0.665427509,2.884758364,1.687732342,26.48698885,4.382899628,0,0,0.881040892,1,51997,297136,48153,131648,152619,73846,"GULBARGA",269,283,302,311,318,329,412,354,357,0.905309353292768,0.952425825211351,1.01636960852943,1.04665876904852,1.07021700500781,1.10723709008669,1.38657045931829,1.19137364708416,1.20147003392386
"3","ALUR",19,2005,79.38529376,36.48772639,52.11740376,34.87943527,42.5073386,51.08077343,296.4579712,"HASSAN",0.941463415,89.14146341,1.082926829,3468.209756,1071.82439,3638.873171,1315.960976,3.004878049,1,0.43902439,0.770731707,0.536585366,1.570731707,1.156097561,10.16585366,2.609756098,0,0,0.946341463,0,18542,86071,10422,49444,43371,23614,"HASSAN",205,203,197,195,197,200,228,197,199,2.38175459794821,2.35851796772432,2.28880807705267,2.26557144682878,2.28880807705267,2.32366302238849,2.64897584552288,2.28880807705267,2.31204470727655
"4","ANKOLA",28,2005,75.1944894,43.21662036,63.82250051,41.79907771,46.6760799,55.11990108,325.828669,"UTTARA KANNADA",0.910179641,100.2694611,0.191616766,2835.329341,1667.293413,173.6526946,28.74251497,3.832335329,1,0.658682635,0.562874251,0.251497006,1.251497006,2.377245509,30.52694611,3.586826347,0,0,0.982035928,0,21079,101549,11893,68839,52795,8384,"UTTARA KANNADA",167,171,171,174,174,171,197,173,174,1.64452628780195,1.68391613900678,1.68391613900678,1.71345852741041,1.71345852741041,1.68391613900678,1.93995017183823,1.7036110646092,1.71345852741041
"5","ATHANI",37,2005,75.47298642,48.31312447,68.53366288,47.57180694,55.12395338,67.44872842,362.4642625,"BELGAUM CHIKKODI",0.936651584,89.38914027,0.819004525,1361.323529,1283.176471,838.5294118,795.1719457,3.857466063,1,0.341628959,0.662895928,0.778280543,3.009049774,1.730769231,17.24660633,4.319004525,0,0,0.84841629,0,85536,461862,70554,239507,237170,79774,"BELGAUM CHIKKODI",442,494,372,398,414,412,481,415,419,0.956995812602033,1.0695835552611,0.805435389791756,0.861729261121287,0.896371643477922,0.892041345683343,1.04143661959633,0.898536792375212,0.90719738796437
"6","AURAD",46,2005,62.22340864,33.39967852,51.03563706,38.02415606,39.57028111,46.75516683,271.0083282,"BIDAR",0.996254682,80.64794007,0.846441948,2465.861423,2023.048689,2630.003745,2516.2397,4.228464419,1,0.580524345,0.715355805,0.625468165,3.906367041,1.625468165,0.902621723,5.310861423,0,0,0.925093633,0,41633,245294,38744,119526,97237,85823,"BIDAR",267,294,301,321,339,364,426,374,382,1.08848973069052,1.19856172592889,1.22709890987957,1.30863372116725,1.38201505132616,1.48393356543576,1.73669148042757,1.5247009710796,1.55731489559467
"7","BADAMI",55,2005,72.96073502,51.43535304,65.94536861,50.71995876,58.71370409,72.39290648,372.168026,"BAGALKOT",0.78030303,98.5,0.84469697,2924.814394,1641.833333,4336.742424,2125.242424,5.109848485,1,0.598484848,0.803030303,0.742424242,2.962121212,2.189393939,5.340909091,4.928030303,0,0,0.893939394,0,51116,291924,47214,137954,132369,62812,"BAGALKOT",264,275,283,287,283,286,348,296,298,0.90434496649813,0.942026006768885,0.969430399693071,0.983132596155164,0.969430399693071,0.97970704703964,1.19209109220208,1.01396253819487,1.02081363642592
"8","BAGALKOT",64,2005,63.72742334,39.58771036,55.46065922,35.85890023,44.60075656,53.94215132,295.4077751,"BAGALKOT",0.75,94.81666667,1.505555556,3085.966667,1884.238889,2807.633333,2442.222222,6.2,1,0.716666667,0.772222222,0.677777778,3.166666667,3.122222222,24.21666667,6.161111111,0,0,0.894444444,0,45941,247271,37962,133388,101466,51970,"BAGALKOT",180,218,220,232,243,243,295,242,243,0.727946261389326,0.881623805460406,0.889712097253621,0.938241848012909,0.98272745287559,0.98272745287559,1.19302303949917,0.978683306978983,0.98272745287559
"9","BAGEPALLY",73,2005,68.96382867,38.30349401,53.1744845,41.76186024,45.52119623,53.49629408,301.2211577,"CHIKKABALLAPURA",0.985549133,107.7398844,0.170520231,2193.554913,1767.132948,3545.401734,2160.878613,3.005780347,1,0.378612717,0.817919075,0.378612717,1.713872832,1.164739884,23.8583815,2.528901734,4.225433526,0.537572254,0.869942197,1,36668,169689,21792,74804,91988,71389,"CHIKKABALLAPURA",346,336,345,350,355,349,397,361,362,2.03902433274991,1.98009299365309,2.03313119884023,2.06259686838864,2.09206253793705,2.05670373447896,2.33957416214369,2.12742134139514,2.13331447530482
"10","BAILHONGAL",82,2005,78.26988789,53.72886798,69.07045995,56.64395747,57.26071035,69.35348822,384.3273719,"BELGAUM",0.917695473,0.411522634,0.004115226,8.230452675,8.230452675,16.46090535,16.46090535,0.008230453,1,0.543209877,0.407407407,0.806584362,3.172839506,2.407407407,22.06995885,5.382716049,0,0,0.913580247,0,64961,356286,53139,191258,154845,52415,"BELGAUM",243,283,270,284,288,295,377,306,309,0.682036341590745,0.794305698231196,0.757818157323049,0.797112432147208,0.808339367811253,0.827986505223332,1.05813868633626,0.858860578299456,0.86728078004749
"11","BANGARAPETE",91,2005,64.01838414,42.76771173,50.49800486,36.0131463,41.7703971,51.00892284,286.076567,"KOLAR",0.788888889,110.5425926,0.275925926,2342.868519,1871.725926,3345.946296,2019.457407,4.074074074,1,0.522222222,0.757407407,0.461111111,1.274074074,2.892592593,21.25,3.783333333,3.105555556,0.588888889,0.855555556,1,81728,421437,53451,264428,163702,162806,"KOLAR",540,550,442,375,383,385,427,383,383,1.28133030559728,1.30505864458982,1.04879258347036,0.889812712220332,0.908795383414366,0.913541051212874,1.01320007498155,0.908795383414366,0.908795383414366
"12","BASAVAKALYAN",100,2005,60.49862109,31.67046991,48.61196881,35.09343696,34.79539577,43.3290229,253.9989154,"BIDAR",0.853846154,94.33461538,0.603846154,5183.015385,3881.780769,4866.384615,4082.161538,5.130769231,1,0.607692308,0.719230769,0.619230769,4.003846154,2.253846154,9.361538462,5.903846154,0,0,0.853846154,0,50606,299910,49783,147816,119383,108275,"BIDAR",260,279,286,308,323,333,426,346,370,0.866926744690074,0.930279083725118,0.953619419159081,1.02697475909439,1.07698976359575,1.11033309992998,1.42042612783835,1.15367943716448,1.23370344436664
"13","BASAVAN  BAGEWADI",109,2005,68.77176183,39.9446496,62.30840213,38.85852206,47.25428542,58.62728201,315.764903,"BIJAPUR",0.947712418,104.8039216,0.849673203,3007.705882,1652.114379,4404.111111,2077.447712,4.369281046,1,0.5,0.689542484,0.718954248,3.166666667,1.748366013,27.69934641,4.77124183,9.052287582,1.522875817,0.908496732,0,54243,303290,48249,138836,133029,63689,"BIJAPUR",306,307,326,339,353,373,452,405,410,1.00893534241155,1.01223251673316,1.07487882884368,1.11774209502456,1.16390253552705,1.22984602195918,1.49032279336609,1.33535560025059,1.35184147185862
"14","BELUR",118,2005,76.34582762,36.68245311,53.19930875,35.34987419,41.97568322,48.06586369,291.6190106,"HASSAN",0.932960894,89.2150838,0.279329609,2622.301676,884.9385475,8998.701117,5090.089385,3.030726257,1,0.379888268,0.846368715,0.606145251,1.664804469,1.430167598,11.78212291,2.882681564,0,0,0.930167598,0,38896,183755,22345,108182,92354,54590,"HASSAN",358,362,353,359,358,366,407,364,365,1.94824630622296,1.97001442137629,1.9210361622813,1.95368833501129,1.94824630622296,1.99178253652962,2.21490571685124,1.98089847895295,1.98634050774129
"15","BHADRAVATI",127,2005,73.56511538,43.94229859,55.91530994,39.83120515,45.89405747,51.15269521,312.1104388,"SHIMOGA",0.699716714,86.21813031,0.52407932,2255.135977,1264.847025,2844.419263,702.6600567,4.201133144,1,0.736543909,0.790368272,0.620396601,1.753541076,3.220963173,12.7223796,4.385269122,0,0,0.807365439,0,71771,338989,40758,219213,131016,79582,"SHIMOGA",353,346,354,355,357,357,431,358,355,1.04133172462823,1.02068208702937,1.04428167285664,1.04723162108505,1.05313151754187,1.05313151754187,1.2714276864441,1.05608146577028,1.04723162108505
"16","BHALKI",136,2005,55.47965268,36.27222317,54.34623573,39.40431925,39.12618519,51.67423277,276.3028488,"BIDAR",0.890410959,94.59817352,0.484018265,3374.899543,2783.228311,4207.60274,3119.990868,5.360730594,1,0.748858447,0.748858447,0.666666667,4.557077626,2.465753425,5.904109589,6.652968037,0,0,0.908675799,0,44057,257042,38898,136188,100046,77878,"BIDAR",219,246,328,335,326,337,404,337,345,0.852000840329596,0.957042039822286,1.27605605309638,1.30328895666856,1.26827522350433,1.31106978626061,1.57172757759432,1.31106978626061,1.34219310462882
"17","BHATKAL",145,2005,78.14470311,42.70583612,68.44022967,41.9419029,48.5723604,58.82570997,338.6307422,"UTTARA KANNADA",0.9,104.6555556,0.172222222,2777.477778,665.3333333,4773.405556,657.55,3.911111111,1,0.783333333,0.794444444,0.538888889,1.488888889,2.3,40.08888889,3.566666667,0,0,0.955555556,0,25188,149338,21134,94993,53259,21545,"UTTARA KANNADA",180,188,188,198,196,197,230,202,204,1.2053194766235,1.2588892311401,1.2588892311401,1.32585142428585,1.3124589856567,1.31915520497127,1.54013044235225,1.35263630154415,1.3660287401733
"18","BIDAR",154,2005,56.31322599,41.24451925,59.93351205,40.40997137,43.63973674,52.26646795,293.8074334,"BIDAR",0.565349544,78.39209726,0.723404255,3686.322188,2472.237082,3953.458967,2757.267477,5.20668693,1,0.738601824,0.753799392,0.662613982,2.808510638,4.750759878,4.85106383,6.911854103,0,0,0.772036474,0,67627,405540,64788,221336,133480,103492,"BIDAR",329,359,419,438,490,521,653,580,600,0.811263993687429,0.885239433841298,1.03319031414904,1.08004142624649,1.20826552251319,1.28470681067219,1.61019874734921,1.4301918429748,1.47950880307738
"19","BILAGI",163,2005,65.40700929,31.39889691,42.91939598,28.1561615,35.54929987,46.12477859,249.5555421,"BAGALKOT",0.914728682,99.35658915,0.573643411,3007.093023,1215.449612,4674.224806,1020.48062,4.953488372,1,0.689922481,0.720930233,0.651162791,3.271317829,1.240310078,40.09302326,4.240310078,0,0,0.891472868,0,26060,141996,23684,60188,68114,38865,"BAGALKOT",129,145,157,157,165,169,206,175,173,0.908476295106904,1.02115552550776,1.1056649483084,1.1056649483084,1.16200456350883,1.19017437110905,1.45074509141103,1.23242908250937,1.21834417870926
"20","BYADAGI",172,2005,76.06322226,48.35977194,63.04774585,48.55129465,61.16891932,67.03951179,364.2304658,"HAVERI",0.805309735,91.37168142,0.451327434,3456.566372,2459.761062,3921.663717,2406.539823,4.849557522,1,0.938053097,0.761061947,0.619469027,3.265486726,2.283185841,10.54867257,5.451327434,0,0,0.946902655,0,23371,127944,17267,78700,61565,31606,"HAVERI",113,117,119,124,125,126,164,129,130,0.883198899518539,0.914462577377603,0.930094416307134,0.969174013630964,0.976989933095729,0.984805852560495,1.2818107922216,1.00825361095479,1.01606953041956
"21","CHALLAKERE",181,2005,70.66089072,44.5691835,56.6877679,47.9759937,54.41296394,59.41908875,333.7258885,"CHITRADURGA",0.899742931,91.08997429,0.370179949,2914.598972,1396.719794,4383.367609,1489.616967,3.588688946,1,0.5218509,0.681233933,0.539845758,2.210796915,1.53470437,49.3059126,3.740359897,0,0,0.925449871,0,62708,332718,46959,168236,164719,167418,"CHITRADURGA",389,395,398,430,432,437,520,449,450,1.16915826615933,1.18719155561166,1.19620820033782,1.29238574408358,1.29839684056769,1.31342458177796,1.56288508586851,1.34949116068262,1.35249670892467
"22","CHAMARAJA NAGAR",190,2005,70.35961813,37.31405884,52.44507887,34.69960796,42.16134809,49.80915375,286.7888656,"CHAMARAJANAGARA",0.916010499,96.82677165,0.582677165,2403.417323,1529.188976,3405.380577,1777.461942,4.393700787,1,0.87664042,0.923884514,0.551181102,1.992125984,1.664041995,191.9160105,3.343832021,0,0,0.88976378,0,72080,337571,38996,146815,149586,111723,"CHAMARAJANAGARA",381,313,319,325,326,329,394,329,329,1.12865145406448,0.927212349402052,0.944986388048736,0.962760426695421,0.965722766469869,0.974609785793211,1.1671618711323,0.974609785793211,0.974609785793211
"23","CHANNAGIRI",199,2005,68.53040518,37.04718756,51.8014041,35.36571662,44.83365147,52.80962082,290.3879857,"DAVANAGERE",0.945619335,90.06646526,0.268882175,2792.072508,1526.592145,3793.975831,1473.546828,4.172205438,1,0.601208459,0.839879154,0.607250755,3.003021148,1.634441088,9.598187311,4.625377644,0,0,0.873111782,0,54933,292507,37972,168244,122617,105318,"DAVANAGERE",331,334,342,348,348,351,423,343,345,1.13159685067366,1.14185301548339,1.16920278830934,1.1897151179288,1.1897151179288,1.19997128273853,1.44611923817208,1.17262150991258,1.17945895311907
"24","CHIKKABALLAPUR",215,2005,72.28675415,45.51955294,60.56044199,47.73988285,51.49298169,58.12799437,335.727608,"CHIKKABALLAPURA",0.867595819,119.3937282,0.236933798,2763,1708.993031,3613.1777,2083.912892,3.735191638,1,0.595818815,0.599303136,0.554006969,1.547038328,2.198606272,25.2369338,3.344947735,3.243902439,0.554006969,0.846689895,1,38465,191122,24849,107496,92342,65062,"CHIKKABALLAPURA",287,281,288,302,303,310,345,315,308,1.5016586264271,1.47026506629273,1.50689088644949,1.58014252676301,1.5853747867854,1.62200060694216,1.80512970772596,1.64816190705413,1.61153608689737
"25","CHIKMAGALUR",224,2005,78.96841021,46.87727981,58.95395993,41.11488852,45.83833768,53.15408256,324.9069587,"CHIKKAMANGALORE",0.805687204,80,0.713270142,2468.521327,1266.824645,3569.729858,1503.154028,3.236966825,1,0.765402844,0.694312796,0.523696682,1.438388626,2.05450237,57.59241706,3.36492891,0,0,0.876777251,0,64268,295565,37383,195552,126871,69973,"CHIKKAMANGALORE",422,467,470,440,427,436,502,438,441,1.42777392451745,1.58002469845888,1.59017475005498,1.48867423409402,1.44469067717761,1.4751408319659,1.69844196708,1.48190753302996,1.49205758462606
"26","CHIKNAYAKANHALLI",233,2005,74.49612986,35.07488478,54.40007171,37.76297998,41.75813451,49.17970156,292.6719024,"TUMKUR",0.963888889,103.8305556,0.383333333,2357.694444,598.4666667,1342.225,349.0194444,2.966666667,1,0.427777778,0.827777778,0.502777778,1.830555556,1.536111111,14.29722222,3.227777778,9.211111111,2.05,0.919444444,0,45896,209622,24494,129954,104749,52511,"TUMKUR",360,368,375,360,356,353,411,358,357,1.71737699287289,1.75554092604784,1.78893436757592,1.71737699287289,1.69829502628541,1.6839835513448,1.96067206686321,1.70783600957915,1.70306551793228
"27","CHIKODI",242,2005,78.49774517,47.60266054,61.41873861,44.81837853,51.27448722,58.42289587,342.0349059,"BELGAUM CHIKKODI",0.90625,0,0,0,0,0,0,0,1,0.420138889,0.388888889,0.704861111,3.111111111,1.715277778,15.19791667,4.618055556,0,0,0.90625,0,113184,567601,76653,335278,265896,92963,"BELGAUM CHIKKODI",288,298,294,299,315,325,369,319,323,0.507398683229945,0.525016693064318,0.517969489130569,0.526778494047755,0.554967309782752,0.572585319617125,0.650104562888367,0.562014513716502,0.569061717650251
"28","CHINCHOLI",251,2005,54.98910212,30.91674116,44.53669746,28.29000108,32.12640918,40.78899076,231.6479418,"GULBARGA",0.96484375,92.8046875,0.41015625,2598.414063,1586.398438,4544.53125,2835.542969,3.28515625,1,0.4921875,0.515625,0.53125,2.5625,1.23046875,51.71484375,3.5546875,0,0,0.9375,1,39617,223646,38378,90074,112019,79490,"GULBARGA",256,259,273,298,307,314,359,326,335,1.14466612414262,1.15808018028491,1.22067910894896,1.33246291013477,1.37270507856166,1.40400454289368,1.60521538502812,1.45766076746287,1.49790293588975
"29","CHINTAMANI",260,2005,76.82976006,45.31564601,62.00639234,44.88732509,49.69031306,60.81066036,339.5400969,"CHIKKABALLAPURA",0.914942529,118.4551724,0.328735632,2544.664368,1635.804598,3600.595402,2011.806897,3.717241379,1,0.92183908,0.912643678,0.92183908,1.926436782,1.659770115,19.04137931,3.154022989,6.140229885,1.726436782,0.871264368,1,54460,271284,34874,142976,138975,91571,"CHIKKABALLAPURA",435,410,414,429,439,436,514,454,452,1.60348564603884,1.51133129856534,1.5260759941611,1.5813686026452,1.6182303416346,1.60717181993778,1.89469338405509,1.67352295011869,1.66615060232082
"30","CHITRADURGA",269,2005,70.84346008,44.93466685,57.07629044,45.75213175,50.40846103,58.61542445,327.6304346,"CHITRADURGA",0.815856777,93.33503836,0.52685422,2641.785166,1049.716113,3441.138107,1153.097187,4.260869565,1,0.565217391,0.861892583,0.626598465,2.071611253,3.038363171,13.7084399,5.061381074,0,0,0.872122762,0,72850,376506,48051,235754,158322,146404,"CHITRADURGA",391,405,411,409,420,425,520,434,437,1.03849606646375,1.07568006884352,1.09161606986343,1.08630406952346,1.11552007139328,1.1288000722432,1.38112008839169,1.15270407377306,1.16067207428301
"31","CHITTAPUR",278,2005,58.99204504,41.20259342,59.18850919,40.45821828,43.65218229,50.84292922,294.3364775,"GULBARGA",0.78125,97.940625,0.690625,2534.3625,1052.934375,4535.565625,2182.41875,3.865625,1,0.371875,0.703125,0.528125,1.4625,2.053125,41.359375,3.246875,0,0,0.86875,1,63214,366802,61518,151227,141221,113195,"GULBARGA",320,324,325,376,358,368,472,394,399,0.872405275870906,0.883310341819292,0.886036608306389,1.02507619914831,0.976003402380576,1.00326606725154,1.28679778190959,1.07414899591605,1.08778032835154
"32","DEVADURGA",305,2005,69.78471484,40.62069193,58.93672691,43.39761955,53.51613569,55.69719674,321.9530857,"RAICHUR",0.906122449,86.24081633,0.918367347,2313.955102,1822.983673,3708.35102,2234.408163,3.514285714,1,0.342857143,0.706122449,0.616326531,2.32244898,1.057142857,0.730612245,3.236734694,0,0,0.930612245,0,36709,222457,40747,69553,89069,119259,"RAICHUR",245,249,255,331,347,352,389,364,365,1.1013364380532,1.11931744112345,1.14628894572884,1.48792800406371,1.55985201634473,1.58232827018255,1.74865254858242,1.63627127939332,1.64076653016088
"33","DEVANAHALLI",314,2005,75.32269328,39.42786783,54.85891823,38.84833836,44.41227864,53.38309256,306.2531889,"BANGALORE RURAL",0.941176471,82.94117647,0.290196078,2063.776471,620.2196078,809.7529412,218.7215686,3.490196078,1,0.784313725,0.88627451,0.462745098,1.847058824,2.062745098,16.02352941,2.584313725,0,0,0.882352941,1,36013,185326,23440,110358,88533,61381,"BANGALORE RURAL",255,251,256,262,269,265,305,274,277,1.37595372478767,1.35437013694786,1.38134962174762,1.41372500350733,1.45149628222699,1.42991269438719,1.64574857278525,1.47847576702675,1.49466345790661
"34","DHARWAD",323,2005,67.27430966,42.25452798,58.1721541,41.9098594,49.77538021,57.85291261,317.239144,"DHARWAD",0.648829431,78.80267559,0.866220736,2113.692308,1611.438127,3964.762542,3171.093645,5.287625418,1,0.906354515,0.779264214,0.846153846,1.762541806,4.297658863,22.28762542,5.571906355,0,0,0.819397993,0,39138,218961,32373,110492,111219,27006,"DHARWAD",299,310,203,205,213,194,228,196,199,1.36553998200593,1.41577723886902,0.92710574029165,0.936239786994031,0.972775973803554,0.886002530130937,1.04128132407141,0.895136576833317,0.908837646886889
"35","DODDABALLAPURA",332,2005,76.00559202,39.86258025,55.43930107,39.80149854,44.70507972,55.10467752,310.9187291,"BANGALORE RURAL",0.875609756,91.74634146,0.290243902,2540.856098,751.5804878,4177.926829,1154.056098,3.170731707,1,0.717073171,0.880487805,0.402439024,1.995121951,1.468292683,17.56829268,3.207317073,0,0,0.931707317,1,55774,268332,34152,161902,127843,66337,"BANGALORE RURAL",410,400,416,407,408,405,450,429,426,1.52795790289641,1.49069063697211,1.55031826245099,1.51677772311912,1.52050444971155,1.50932426993426,1.67702696659362,1.59876570815259,1.5875855283753
"36","GANGAVATHI",341,2005,69.22612843,40.27984013,55.25079379,38.80620778,43.18302904,50.84701039,297.5930096,"KOPPAL",0.960212202,84.72679045,0.610079576,1711.400531,1283.278515,4230.132626,3094.458886,3.517241379,1,0.785145889,0.893899204,0.877984085,2.702917772,1.835543767,27.85676393,4.029177719,0,0,0.769230769,0,73588,406334,69116,179045,175149,122707,"KOPPAL",377,398,422,418,418,432,516,467,472,0.927808157820906,0.979489779344086,1.03855448965629,1.02871037127092,1.02871037127092,1.06316478561971,1.26989127171243,1.14930082149168,1.16160596947339
"37","GOKAK",350,2005,80.50940959,54.5684241,73.77385709,57.9651432,64.82667873,70.42529812,402.0688108,"BELGAUM CHIKKODI",0.869976359,32.41843972,0.401891253,1113.947991,801.463357,1401.182033,1275.052009,1.921985816,1,0.399527187,0.687943262,0.791962175,2.959810875,2.153664303,18.22695035,4.808510638,0,0,0.817966903,0,92539,526092,85696,245330,227005,99412,"BELGAUM CHIKKODI",423,460,189,199,220,218,260,225,227,0.804041878606784,0.874371782882082,0.359252754271116,0.378260836507683,0.418177809204474,0.41437619275716,0.494210138150742,0.427681850322757,0.431483466770071
"38","GOWRIBIDANUR",359,2005,62.64024873,35.64966661,48.96991965,34.54732381,41.49589559,47.38586426,270.6889186,"CHIKKABALLAPURA",0.953168044,109.84573,0.220385675,2331.939394,1139.055096,4165.550964,1620.134986,3.922865014,1,0.506887052,0.85399449,0.415977961,2.435261708,1.476584022,14.55096419,3.515151515,3.867768595,0.228650138,0.889807163,1,59400,271119,35462,139718,142644,105807,"CHIKKABALLAPURA",363,353,359,356,356,359,415,365,365,1.33889546656634,1.30201129393366,1.32414179751327,1.31307654572346,1.31307654572346,1.32414179751327,1.53069316425629,1.34627230109288,1.34627230109288
"39","GUBBI",368,2005,74.41138306,39.2119335,58.41866132,43.38413731,48.46836977,57.6514813,321.5459663,"TUMKUR",0.95423341,104.2105263,0.372997712,2701.372998,803.2379863,1408.924485,487.4141876,3.006864989,1,0.361556064,0.789473684,0.453089245,1.66590389,1.661327231,11.91533181,3.290617849,4.249427918,0.796338673,0.95194508,0,54688,256413,29616,153177,136850,58973,"TUMKUR",437,437,446,452,450,436,490,431,429,1.70428176418512,1.70428176418512,1.73938138861914,1.76278113824182,1.75498122170093,1.70038180591468,1.91097955251879,1.68088201456244,1.67308209802155
"40","GUDIBANDA",377,2005,70.37766389,40.66648384,53.99711958,50.9094848,56.06869544,59.69563411,331.7150816,"CHIKKABALLAPURA",1,123.045045,0.171171171,2445.945946,1505.405405,4004.918919,1936.900901,3.045045045,1,0.423423423,0.711711712,0.288288288,1.882882883,0.927927928,18.66666667,2.477477477,2.72972973,0.414414414,0.936936937,1,10975,51828,6912,24631,27742,20023,"CHIKKABALLAPURA",111,108,110,112,115,116,129,117,119,2.14169946746932,2.08381569807826,2.1224048776723,2.16099405726634,2.21887782665741,2.23817241645443,2.4890020838157,2.25746700625145,2.29605618584549
"41","GUNDULPET",386,2005,72.7801264,37.37037145,50.9283607,34.49367461,42.82304557,51.66207555,290.0576543,"CHAMARAJANAGARA",0.926739927,98.4981685,0.289377289,5465.274725,3673.047619,4586.208791,1899.59707,4.197802198,1,0.813186813,0.853479853,0.523809524,2.084249084,0.864468864,260.1648352,2.846153846,0,0,0.912087912,0,45231,213082,23907,93419,104648,65316,"CHAMARAJANAGARA",273,200,209,210,213,215,257,212,212,1.28119691010972,0.938605794952178,0.980843055725026,0.985536084699787,0.99961517162407,1.00900122957359,1.20610844651355,0.994922142649309,0.994922142649309
"42","H.D.KOTE",395,2005,78.7187633,40.06311022,58.82571886,48.13567687,55.78886547,62.08697807,343.6191128,"MYSORE",1.017241379,90.80172414,0.221264368,2724.916667,1443.33908,5721.818966,2083.692529,3.425287356,1,0.767241379,0.899425287,0.57183908,2.137931034,1.33908046,55.13793103,3.229885057,0,0,0.925287356,0,50178,245930,34086,111926,125413,117854,"MYSORE",348,353,350,351,360,364,412,357,356,1.41503679908917,1.43536778758183,1.42316919448624,1.42723539218477,1.46383117147156,1.48009596226569,1.67527345179523,1.45163257837596,1.44756638067743
"43","HADAGALI",404,2005,74.47926426,44.20457201,63.07297594,49.46582272,54.59872383,61.99126543,347.8126242,"BELLARY",0.903614458,98.70481928,0.680722892,1821.686747,1440.963855,804.8192771,708.4337349,4.945783133,1,0.518072289,0.801204819,0.445783133,3.831325301,1.614457831,7.554216867,5.21686747,0,0,0.885542169,0,31084,168118,25258,86168,83795,50692,"BELLARY",166,174,180,181,181,192,232,193,193,0.987401705944634,1.03498733032751,1.07067654861466,1.07662475166252,1.07662475166252,1.14205498518897,1.37998310710334,1.14800318823683,1.14800318823683
"44","HAGARIBOMMANAHALLI",413,2005,73.16088048,39.56850158,58.32023831,42.905193,51.8688525,59.90186799,325.7255338,"BELLARY",1,91.37162162,0.439189189,2762.777027,2393.945946,1262.175676,930.4054054,5.358108108,1,0.574324324,0.932432432,0.533783784,3.871621622,1.412162162,1.614864865,5.060810811,0,0,0.858108108,0,28871,159886,26690,77353,72041,51657,"BELLARY",148,158,156,161,162,168,216,174,172,0.925659532416847,0.988204095417985,0.975695182817758,1.00696746431833,1.01322192061844,1.05074865841912,1.35096256082459,1.08827539621981,1.07576648361958
"45","HANAGAL",426,2005,71.29439748,35.67938192,51.0747813,35.02776959,41.49148612,52.32586611,286.8936825,"HAVERI",0.945378151,98.20588235,0.945378151,3272.289916,2055.710084,4549.134454,2062.823529,4.642857143,1,0.907563025,0.693277311,0.726890756,2.680672269,1.474789916,5.357142857,4.037815126,0,0,0.907563025,0,41308,230750,33898,133016,103459,49182,"HAVERI",238,246,247,257,260,263,315,265,264,1.03141928494041,1.06608884073673,1.07042253521127,1.11375947995666,1.12676056338028,1.1397616468039,1.36511375947996,1.14842903575298,1.14409534127844
"46","HARAPANAHALLI",435,2005,66.9638457,38.10274155,54.83204968,41.79435255,50.43329384,55.92717794,308.0534613,"DAVANAGERE",1.010067114,95.45973154,0.22147651,2521.812081,893.614094,3648.657718,1146.590604,4.161073826,1,0.590604027,0.956375839,0.570469799,3.036912752,1.493288591,20.96979866,4.493288591,0,0,0.916107383,0,47749,268793,40072,127793,129866,100434,"DAVANAGERE",298,303,310,311,315,318,377,321,326,1.10865982373053,1.12726149862534,1.15330384347807,1.15702417845703,1.17190551837287,1.18306652330976,1.40256628706849,1.19422752824664,1.21282920314145
"47","HARIHARA",444,2005,69.5972269,36.70080651,52.18439154,37.65344849,42.16415249,50.72372606,289.023752,"DAVANAGERE",0.777777778,92.94202899,0.280193237,2225.347826,1252.478261,2456.038647,1204.743961,5.130434783,1,0.690821256,0.850241546,0.502415459,2.381642512,3.028985507,102.3816425,5.38647343,0,0,0.797101449,0,45278,245654,31847,147969,98438,52095,"DAVANAGERE",207,206,207,205,206,208,262,210,212,0.842648603320117,0.838577837120503,0.842648603320117,0.834507070920889,0.838577837120503,0.846719369519731,1.06654074429889,0.854860901918959,0.863002434318187
"48","HASSAN",453,2005,77.5394202,42.53009858,55.455666,40.33995548,46.94386851,53.6726606,316.4816694,"HASSAN",0.813432836,82.43283582,0.729477612,2403.789179,1095.979478,2682.20709,1547.371269,2.938432836,1,0.46641791,0.807835821,0.475746269,1.289179104,2.527985075,6.632462687,3.388059701,0,0,0.860074627,0,77747,361147,40470,243490,174677,47151,"HASSAN",536,554,549,546,537,545,646,521,520,1.48416018961808,1.5340013900157,1.52015661212747,1.51184974539453,1.48692914519572,1.50908078981689,1.7887453031591,1.44262585595339,1.43985690037575
"49","HAVERI",462,2005,71.99188233,43.91552553,57.03883649,46.70670979,49.88872793,56.46007926,326.0017613,"HAVERI",0.830601093,99.65027322,0.224043716,2847.535519,1569.863388,4017.978142,1818.743169,5.229508197,1,0.912568306,0.868852459,0.683060109,3.114754098,2.672131148,18.24590164,5.524590164,0,0,0.879781421,0,46473,252347,35403,141719,114824,52599,"HAVERI",183,188,196,196,211,215,280,227,230,0.725191898457283,0.74500588475393,0.776708262828565,0.776708262828565,0.836150221718507,0.852001410755824,1.10958323261224,0.899554977867777,0.911443369645766
"50","HIREKERUR",471,2005,73.47115017,42.11810088,57.5463264,47.41323362,55.1837877,66.39432697,342.1269257,"HAVERI",0.946341463,98.44878049,0.312195122,3787.317073,3241.902439,4429.268293,2873.37561,4.614634146,1,0.926829268,0.136585366,0.570731707,3.107317073,2.004878049,16.08292683,5.058536585,0,0,0.951219512,0,39913,212458,28355,135250,99830,49252,"HAVERI",205,217,225,232,234,243,299,238,239,0.964896591326286,1.02137834301368,1.05903284413861,1.09198053262292,1.10139415790415,1.14375547166969,1.40733697954419,1.12022140846661,1.12492822110723
"51","HIRIYUR",480,2005,72.30811451,41.73609822,60.26323462,43.45856668,50.9184985,57.15431526,325.8388278,"CHITRADURGA",0.929230769,85.84307692,0.473846154,2908.264615,1196.187692,4320.550769,1149.621538,3.673846154,1,0.403076923,0.8,0.716923077,2.243076923,1.735384615,25.16615385,3.944615385,0,0,0.92,0,54405,264719,33686,145988,126607,88911,"CHITRADURGA",325,325,336,367,370,368,432,371,374,1.22771693758287,1.22771693758287,1.26927043393183,1.38637574182435,1.39770851355588,1.39015333240153,1.63191912934092,1.40148610413306,1.4128188758646
"52","HOLALKERE",489,2005,70.65342966,43.84330825,59.69496587,46.32412175,53.5161346,59.48691847,333.5188786,"CHITRADURGA",0.945945946,98.30888031,0.555984556,2633.675676,1500.606178,4529.88417,1970.119691,3.66023166,1,0.49034749,0.934362934,0.517374517,2.552123552,1.613899614,8.154440154,4.111969112,0,0,0.922779923,0,39355,197766,24085,118183,106294,71838,"CHITRADURGA",259,256,259,267,268,271,314,272,272,1.30962855091371,1.29445910823903,1.30962855091371,1.35008039804618,1.35513687893773,1.37030632161241,1.58773499994944,1.37536280250397,1.37536280250397
"53","HONNALI",498,2005,71.19593121,31.99774696,47.69003707,33.46631047,37.40637748,46.32249258,268.0788958,"DAVANAGERE",1,97.23504274,0.683760684,2727.380342,1670.324786,5535.717949,2862.568376,4.448717949,1,0.730769231,0.88034188,0.653846154,2.991452991,1.512820513,13.44871795,4.482905983,0,0,0.893162393,0,42394,222592,28895,128786,105196,59270,"DAVANAGERE",234,245,249,250,250,249,301,245,248,1.05125071880391,1.10066848763657,1.1186385853939,1.12313110983324,1.12313110983324,1.1186385853939,1.35224985623922,1.10066848763657,1.11414606095457
"54","HONNAVAR",507,2005,79.60288175,44.17548271,68.24620732,42.25331625,49.60939294,58.43291613,342.3201971,"UTTARA KANNADA",0.946308725,98.18120805,0.060402685,2881.879195,920.4966443,4556.560403,698.3322148,3.251677852,1,0.798657718,0.731543624,0.419463087,1.261744966,1.963087248,34.60067114,3.197986577,0,0,0.969798658,0,32808,160331,19990,106386,63710,7518,"UTTARA KANNADA",298,300,299,303,304,305,329,302,303,1.85865490765978,1.87112910167092,1.86489200466535,1.88984039268763,1.8960774896932,1.90231458669877,2.05200491483244,1.88360329568206,1.88984039268763
"55","HOSADURGA",516,2005,67.32406572,39.55613629,55.6031913,39.32555713,46.96929658,53.20606073,301.9843077,"CHITRADURGA",0.96119403,95.06865672,0.328358209,6460.635821,4642.462687,1767.802985,1503.889552,3.08358209,1,0.507462687,0.704477612,0.447761194,2.214925373,1.349253731,39.20597015,3.528358209,0,0,0.940298507,0,44819,219445,26199,125658,108991,58352,"CHITRADURGA",335,323,326,339,336,338,407,339,343,1.52657841372553,1.47189500786074,1.48556585932694,1.54480621568047,1.53113536421427,1.54024926519173,1.85467884891431,1.54480621568047,1.5630340176354
"56","HOSAKOTE",525,2005,78.18495564,40.61604878,57.18426358,41.15933667,48.66063493,56.40290625,322.2081459,"BANGALORE RURAL",0.9125,82.25,0.328125,2097.359375,733.76875,3501.725,987.875,3.509375,1,0.5125,0.81875,0.5,1.3125,2.515625,34.665625,2.790625,0,0,0.875,1,42613,222430,29047,133790,101754,56424,"BANGALORE RURAL",320,307,310,314,320,319,349,324,337,1.43865485770804,1.38020950411365,1.39369689340467,1.41168007912602,1.43865485770804,1.43415906127771,1.56903295418783,1.45663804342939,1.51508339702378
"57","HOSANAGAR",534,2005,81.47672813,41.09055835,62.65712582,38.79435194,45.38195322,55.72963914,325.1303566,"SHIMOGA",1,94.3677686,0.400826446,2952.661157,1608.35124,4273.231405,1631.855372,3.384297521,1,0.818181818,0.859504132,0.384297521,1.756198347,1.128099174,54.18181818,2.805785124,0,0,0.962809917,0,23358,115000,14496,73433,49639,12763,"SHIMOGA",242,241,246,245,245,250,279,250,244,2.10434782608696,2.09565217391304,2.13913043478261,2.1304347826087,2.1304347826087,2.17391304347826,2.42608695652174,2.17391304347826,2.12173913043478
"58","HOSPET",543,2005,69.00834022,48.44344392,62.31762464,45.67555116,47.63572175,59.77363984,332.8543215,"BELLARY",0.507246377,94.20652174,0.706521739,2333.333333,1515.626812,1940.942029,952.0833333,5.413043478,1,0.692028986,0.826086957,0.576086957,2.510869565,3.539855072,5.039855072,4.876811594,0,0,0.753623188,0,70719,374949,55878,194260,159125,136271,"BELLARY",276,290,290,295,296,306,382,313,319,0.736100109614908,0.773438520972186,0.773438520972186,0.786773667885499,0.789440697268162,0.816110991094789,1.01880522417715,0.834780196773428,0.850782373069404
"59","HUBLI",552,2005,65.52411444,53.61404024,64.30513491,50.01605176,54.1526597,60.43422209,349.6918621,"DHARWAD",0.408408408,83.68168168,0.84984985,2944.387387,2298.717718,2872.543544,2301.705706,7.009009009,1,0.957957958,0.954954955,0.822822823,1.621621622,5.471471471,95.43843844,6.582582583,0,0,0.654654655,0,23249,128380,18442,69364,67050,15281,"DHARWAD",333,355,148,152,156,160,203,165,171,2.59386197226982,2.76522822869606,1.15282754323103,1.18398504439944,1.21514254556785,1.24630004673625,1.58124318429662,1.28524692319676,1.33198317494937
"60","HUKKERI",561,2005,78.78400504,49.45787585,66.22321442,50.78080135,60.4676512,66.32130554,372.0348534,"BELGAUM CHIKKODI",0.89122807,0,0,0,0,0,0,0,1,0.49122807,0.529824561,0.656140351,2.852631579,2.687719298,5.077192982,5.294736842,0,0,0.852631579,0,70793,357193,52236,189455,165354,85744,"BELGAUM CHIKKODI",285,293,284,320,326,329,397,338,337,0.797887976528096,0.820284832009586,0.795088369592909,0.895874219259616,0.912671860870734,0.921070681676293,1.11144395326896,0.946267144092969,0.943467537157783
"61","HUMNABAD",570,2005,60.4814933,45.7082114,61.10937755,43.54944958,46.08523358,59.7264678,316.6602332,"BIDAR",0.792372881,95.52966102,0.957627119,2923.449153,2493.555085,3018.483051,2758.114407,5.813559322,1,0.758474576,0.792372881,0.563559322,3.398305085,3.220338983,5.851694915,6.271186441,0,0,0.796610169,0,48327,294587,49304,143492,107457,105563,"BIDAR",236,272,274,277,313,329,447,360,372,0.801121570198278,0.923326555482761,0.930115721331899,0.940299470105605,1.06250445539009,1.11681778218319,1.51737856728233,1.22204985284483,1.26278484793966
"62","HUNAGUND",579,2005,60.31023344,34.50530269,44.68420062,34.92337167,39.45766597,44.32008943,258.2008638,"BAGALKOT",0.825757576,95.64393939,0.609848485,2601.098485,1211.515152,4412.935606,1709.734848,4.954545455,1,0.575757576,0.803030303,0.625,3.359848485,2.291666667,1.731060606,5.507575758,0,0,0.90530303,0,50379,287086,46280,143701,123771,52559,"BAGALKOT",264,271,283,281,293,291,364,304,302,0.919585072068997,0.943968009585978,0.985767331043659,0.978800777467379,1.02060009892506,1.01363354534878,1.26791275088301,1.0589161435946,1.05194959001832
"63","HUNSUR",588,2005,76.53380519,40.63519544,56.45173911,45.03751277,48.93175936,54.6593162,322.2493281,"MYSORE",0.987179487,82.17307692,0.641025641,5042.048077,1133.730769,2905.788462,645.5512821,3.201923077,1,0.958333333,0.980769231,0.727564103,2.022435897,1.875,19.78846154,3.58974359,0,0,0.894230769,0,52437,253926,33241,127966,136619,85379,"MYSORE",312,326,334,336,335,339,401,340,343,1.22870442569883,1.28383859864685,1.31534384033144,1.32322015075258,1.31928199554201,1.3350346163843,1.57920023943984,1.33897277159487,1.35078723722659
"64","INDI",597,2005,70.58739959,46.39336472,69.08572781,50.53647706,50.25166324,60.71702365,347.5716561,"BIJAPUR",0.952830189,107.6533019,0.700471698,3980.681604,1668.691038,4148.186321,2586.261792,3.877358491,1,0.365566038,0.575471698,0.808962264,3.330188679,1.186320755,38.81367925,4.403301887,10.0259434,0.898584906,0.924528302,0,61220,353987,56947,158006,145717,73766,"BIJAPUR",424,435,316,320,331,352,397,359,357,1.19778409941608,1.22885868690093,0.892688149564815,0.903987999559306,0.935062587044157,0.994386799515236,1.12151011195326,1.0141615370056,1.00851161200835
"65","JAMAKHANDI",606,2005,65.94864827,36.58229193,50.39939007,35.24993328,40.95444775,49.71414724,278.8488585,"BAGALKOT",0.689542484,97.28104575,1.189542484,2604.454248,2048.127451,2500.816993,1298.686275,5.212418301,1,0.787581699,0.513071895,0.738562092,2.823529412,2.169934641,21.17320261,4.617647059,0,0,0.774509804,0,71199,408441,65469,194324,166444,67091,"BAGALKOT",306,354,363,373,390,403,482,415,421,0.749190213519211,0.86671024701242,0.888745253292397,0.913228593603483,0.954850272132328,0.986678614536738,1.18009700299431,1.01605862291004,1.03074862709669
"66","JEWARGI",615,2005,64.50966611,34.25646441,55.00281377,31.27496604,37.60806234,51.14605574,273.7980284,"GULBARGA",0.923423423,90.13963964,0.216216216,2893.157658,1105.486486,5768.27027,2202.108108,3.540540541,1,0.563063063,0.63963964,0.603603604,3.211711712,1.27027027,41.38738739,4.387387387,0,0,0.932432432,1,39590,235254,42754,84871,108895,58027,"GULBARGA",222,236,247,264,287,294,362,329,328,0.943660894182458,1.00317104066243,1.0499290128967,1.12219133362238,1.21995800283948,1.24971307607947,1.53876235898221,1.39848844227941,1.39423771753084
"67","K.R.NAGARA",628,2005,70.76195115,36.75598589,51.87784844,39.12999395,48.939353,54.11813308,301.5832655,"MYSORE",0.903846154,95.57692308,0.730769231,3649.584615,1771.092308,7307.326923,3293.369231,4.492307692,1,0.907692308,0.907692308,0.603846154,2.823076923,1.834615385,4.523076923,4.315384615,0,0,0.903846154,0,50573,239199,27915,126062,112339,50481,"MYSORE",260,264,265,269,269,275,336,272,269,1.08696106589074,1.10368354382752,1.10786416331172,1.1245866412485,1.1245866412485,1.14967035815367,1.40468814668958,1.13712849970109,1.1245866412485
"68","KADUR",637,2005,83.02332336,45.2965191,59.77459139,43.40191379,49.373028,58.20041021,339.0697858,"CHIKKAMANGALORE",0.926503341,68.19153675,0.305122494,2012.104677,821.5924276,3192.899777,1145.697105,2.378619154,1,0.679287305,0.650334076,0.592427617,2.053452116,1.122494432,89.34075724,3.097995546,0,0,0.957683742,0,60868,289406,33387,173698,132093,61311,"CHIKKAMANGALORE",449,441,298,283,275,280,342,286,289,1.55145366716654,1.52381084013462,1.02969530693904,0.97786500625419,0.950222179222269,0.967498946117219,1.1817308556146,0.98823106639116,0.99859712652813
"69","KALGHATAGI",646,2005,77.02374802,48.17558746,66.92623823,56.23159225,64.3144676,68.05952544,380.731159,"DHARWAD",0.943089431,39.01626016,0.073170732,1178.861789,764.2276423,2203.252033,1225.203252,1.585365854,1,0.869918699,0.365853659,0.739837398,2.170731707,1.829268293,17.55284553,3.918699187,0,0,0.967479675,0,25297,137016,21217,67475,76415,22068,"DHARWAD",123,129,132,135,138,137,173,139,140,0.897705377474164,0.941495883692415,0.963391136801541,0.985286389910667,1.00718164301979,0.999883225316751,1.26262626262626,1.01448006072284,1.02177847842588
"70","KANAKAPURA",655,2005,72.81343883,56.09735122,57.36285976,44.09500057,52.75920193,59.80730421,342.9351565,"RAMANAGARA",0.931313131,85.54747475,0.191919192,2336.39798,584.7838384,4227.648485,685.8484848,3.02020202,1,0.660606061,0.931313131,0.452525253,1.581818182,1.646464646,42.73535354,2.478787879,0,0,0.929292929,1,72259,337208,37741,167572,165708,69861,"RAMANAGARA",495,497,505,507,505,515,569,506,511,1.46793670375555,1.47386776114446,1.4975919907001,1.50352304808901,1.4975919907001,1.52724727764466,1.68738582714526,1.50055751939456,1.51538516286684
"71","KARKALA",664,2005,88.91162162,46.86176515,68.69652785,44.69283576,49.31072186,57.52368664,355.9971589,"UDUPI",0.899521531,100.0717703,0.133971292,2933.014354,828.5358852,5834.92823,774.9473684,4.918660287,1,0.90430622,0.789473684,0.755980861,1.727272727,2.636363636,48.67464115,4.172248804,0,0,0.913875598,0,40341,205598,22120,149187,100091,27549,"UDUPI",209,210,215,217,218,219,274,222,219,1.01654685356861,1.02141071411201,1.04573001682896,1.05545773791574,1.06032159845913,1.06518545900252,1.332697788889,1.07977704063269,1.06518545900252
"72","KARWAR",673,2005,80.3638744,42.25174962,64.91278827,42.26766389,48.51318324,57.87517237,336.1844318,"UTTARA KANNADA",0.717277487,96.47643979,0.251308901,2557.219895,1294.874346,4037.277487,1237.34555,3.806282723,1,0.560209424,0.863874346,0.397905759,0.732984293,3.204188482,1.230366492,3.931937173,0,0,0.926701571,0,35273,147890,15815,110925,57101,9725,"UTTARA KANNADA",191,195,191,190,190,196,231,197,199,1.29150043951586,1.31854756913922,1.29150043951586,1.28473865711001,1.28473865711001,1.32530935154507,1.56197173574954,1.33207113395091,1.34559469876259
"73","KHANAPUR",682,2005,74.28446315,44.6153972,56.78023818,48.04979628,53.31987979,59.77667795,336.8264525,"BELGAUM",0.952522255,85.85459941,0.551928783,3719.109792,3039.008902,2039.780415,1743.620178,3.827893175,1,0.335311573,0.661721068,0.578635015,2.652818991,1.421364985,21.58456973,3.979228487,0,0,0.973293769,0,47062,243185,35264,137260,115830,27734,"BELGAUM",337,341,347,355,359,364,417,369,367,1.38577626087135,1.40222464378971,1.42689721816724,1.45979398400395,1.4762423669223,1.49680284557024,1.71474391923844,1.51736332421819,1.50913913275901
"74","KOLAR",691,2005,70.77685967,42.3171148,53.1444736,38.3162759,45.29228943,53.32560675,303.1726201,"KOLAR",0.851351351,122.8693694,0.463963964,2586.736486,2098.867117,3707.103604,2809.844595,4.355855856,1,0.567567568,0.833333333,0.493243243,1.641891892,2.709459459,5.351351351,3.927927928,4.95045045,0.416666667,0.862612613,1,65097,342593,46557,203801,160213,91405,"KOLAR",444,470,480,481,480,482,533,477,480,1.29599845881264,1.37189026045483,1.40107941493259,1.40399833038036,1.40107941493259,1.40691724582814,1.55578193366473,1.39232266858926,1.40107941493259
"75","KOLLEGAL",700,2005,80.11997687,47.48975283,63.33731224,58.462915,60.41332432,62.99234937,372.8156306,"CHAMARAJANAGARA",0.953307393,84.25486381,0.422178988,2306.801556,2664.577821,2995.614786,1530.457198,3.994163424,1,0.86381323,0.758754864,0.505836576,1.19844358,1.389105058,381.2626459,2.447470817,0,0,0.869649805,0,70512,336838,42727,158412,162420,126431,"CHAMARAJANAGARA",514,431,122,130,132,135,171,137,136,1.52595609758994,1.27954684447717,0.362191914213954,0.385942203670607,0.39187977603477,0.400786134581015,0.507662437135953,0.406723706945178,0.403754920763097
"76","KOPPA",709,2005,90.02327398,46.8178416,65.24658754,42.27187422,49.51503607,59.14661311,353.0212265,"CHIKKAMANGALORE",0.961538462,83.77564103,0.467948718,2248.814103,1254.615385,4449.083333,2274.698718,3.256410256,1,0.865384615,0.814102564,0.679487179,1.551282051,1.532051282,32.47435897,2.871794872,0,0,0.929487179,0,19252,87780,10270,60687,39462,20268,"CHIKKAMANGALORE",156,157,157,152,148,149,176,150,150,1.77717019822283,1.7885623148781,1.7885623148781,1.73160173160173,1.68603326498063,1.69742538163591,2.00501253132832,1.70881749829118,1.70881749829118
"77","KOPPAL",718,2005,71.57203794,39.80781905,56.3620489,35.39353229,42.33334317,53.5789445,299.0477258,"KOPPAL",1.015564202,86.64980545,0.552529183,1919.564202,1329.782101,5399.140078,3283.396887,4.373540856,1,0.941634241,1.023346304,0.945525292,2.879377432,2.233463035,40.48638132,4.774319066,0,0,0.852140078,0,55556,314051,54887,149925,140970,77918,"KOPPAL",257,260,271,285,295,300,358,328,332,0.818338422740256,0.827891011332554,0.862917169504316,0.907495916268377,0.939337878242706,0.95525885922987,1.13994223868098,1.04441635275799,1.05715313754772
"78","KORATAGERE",727,2005,70.32350561,39.26035106,56.17688107,41.91766342,52.74621988,58.25780962,318.6824306,"TUMKUR MADHUGIRI",1.058608059,102.3443223,0.395604396,2550.164835,1189.908425,1270.805861,569.4688645,3.241758242,1,0.549450549,0.754578755,0.336996337,1.893772894,1.446886447,15.18681319,3.304029304,6.501831502,0.545787546,0.963369963,0,35591,160952,19028,89042,90688,51908,"TUMKUR MADHUGIRI",273,279,283,284,285,288,327,288,288,1.69615786072866,1.73343605546995,1.75828818529748,1.76450121775436,1.77071425021124,1.78935334758189,2.03166161340027,1.78935334758189,1.78935334758189
"79","KRISHNARAJA PET",736,2005,69.62218254,41.61360029,58.6011278,49.1540888,50.94873829,60.12399539,330.0637331,"MANDYA",0.958005249,94.18897638,0.215223097,12531.49606,5604.992126,1418.005249,946.3412073,3.496062992,1,0.535433071,0.918635171,0.593175853,2.217847769,0.900262467,13.64304462,2.963254593,0,0,0.918635171,0,51544,248245,29982,134506,121156,35784,"MANDYA",381,382,378,386,381,384,420,384,381,1.53477411428226,1.53880239279744,1.52268927873673,1.55491550685814,1.53477411428226,1.54685894982779,1.69187697637415,1.54685894982779,1.53477411428226
"80","KUDLIGI",745,2005,70.24028418,39.50717422,53.13245744,42.69630485,46.89751654,54.72255026,307.1962875,"BELLARY",0.839344262,92.67868852,0.485245902,2656.088525,2120.845902,5065.003279,2203.698361,4.498360656,1,0.626229508,0.829508197,0.357377049,3.062295082,1.527868852,4.416393443,4.462295082,0,0,0.908196721,0,47811,272183,44355,135659,132949,125862,"BELLARY",305,315,324,326,330,338,402,344,343,1.12056961676519,1.15730960420012,1.19037559289155,1.19772359037853,1.2124195853525,1.24181157530044,1.47694749488396,1.2638555677614,1.2601815690179
"81","KUMTA",754,2005,82.11626954,42.86114098,68.49333837,42.97397742,48.94017672,58.58124791,343.9661509,"UTTARA KANNADA",0.897777778,101.5688889,0.151111111,2860.293333,1752.404444,6500,1891.368889,3.831111111,1,0.644444444,0.8,0.404444444,1.208888889,2.648888889,41.04888889,3.813333333,0,0,0.973333333,0,28251,145826,16533,102979,57489,8841,"UTTARA KANNADA",225,228,228,232,232,227,258,229,227,1.54293473043216,1.56350719350459,1.56350719350459,1.59093714426783,1.59093714426783,1.55664970581378,1.76923182422888,1.5703646811954,1.55664970581378
"82","KUNDAGOL",763,2005,72.78780152,41.15396621,60.80164529,43.89380791,49.45780689,58.49784316,326.592871,"DHARWAD",0.919642857,94.95535714,0.419642857,3520.464286,3109.651786,7733.508929,4987.982143,6.883928571,1,0.875,0.794642857,0.651785714,3.348214286,1.776785714,28.09821429,4.928571429,0,0,0.964285714,0,28333,157053,21975,88325,80271,23671,"DHARWAD",112,114,114,118,123,121,150,122,127,0.713135056318568,0.725869610895685,0.725869610895685,0.751338720049919,0.783175106492713,0.770440551915595,0.955091593283796,0.776807829204154,0.808644215646947
"83","KUNIGAL",772,2005,72.79062869,35.90601754,53.20630698,39.89519848,42.45435474,49.50131947,293.7538259,"TUMKUR",0.942675159,105.8046709,0.420382166,2334.849257,1290.505308,558.2059448,208.0721868,3.282377919,1,0.341825902,0.836518047,0.33970276,1.558386412,1.33970276,42.81528662,2.828025478,4.341825902,0.872611465,0.944798301,0,50792,236030,28420,127359,120479,33117,"TUMKUR",471,468,471,465,465,463,521,467,465,1.99550904546032,1.98279879676312,1.99550904546032,1.97008854806592,1.97008854806592,1.96161504893446,2.20734652374698,1.97856204719739,1.97008854806592
"84","KUSTAGI",781,2005,68.97444561,38.68955973,55.65454755,35.77547167,41.63832288,55.20064529,295.9329927,"KOPPAL",1.382608696,96.47391304,0.452173913,2273.421739,1351.295652,7520.326087,4811.417391,4.165217391,1,0.960869565,1.239130435,1,3.160869565,1.439130435,57.56086957,4.426086957,0,0,0.886956522,0,40365,239331,43691,100270,113830,63592,"KOPPAL",230,228,238,243,246,251,308,261,272,0.9610121547146,0.952655527282299,0.994438664443804,1.01533023302456,1.02786517417301,1.04875674275376,1.28692062457433,1.09053987991526,1.13650133079292
"85","LINGASUGUR",790,2005,73.19667188,46.94658264,64.25036084,48.33292519,54.26550153,64.69317037,351.6852124,"RAICHUR",0.91025641,87.16987179,0.391025641,2923.871795,1891,6924.891026,3945.948718,3.493589744,1,0.288461538,0.788461538,0.657051282,2.605769231,1.730769231,10.71474359,4.019230769,0,0,0.891025641,0,54074,321042,57107,134650,137050,119744,"RAICHUR",312,323,333,363,375,386,454,396,402,0.971835460780832,1.00609889048785,1.03724746294877,1.13069318033155,1.16807146728465,1.20233489699167,1.41414518972595,1.23348346945259,1.25217261292915
"86","MADDUR",799,2005,77.39017929,49.80238116,65.73384614,59.22182549,60.9680735,69.38973241,382.506038,"MANDYA",0.943521595,98.75415282,0.235880399,3563.69103,1896.58804,4275.604651,1847.9701,4.352159468,1,0.588039867,0.890365449,0.591362126,2.265780731,1.857142857,27.29568106,3.800664452,0,0,0.840531561,0,62202,290783,32406,153676,140682,38757,"MANDYA",301,306,307,305,307,311,381,317,309,1.03513616683231,1.05233111976973,1.05577011035721,1.04889212918224,1.05577011035721,1.06952607270714,1.31025541383093,1.09016001623204,1.06264809153217
"87","MADHUGIRI",808,2005,72.09124933,42.05074376,55.83329036,46.47430463,54.47967675,60.55378408,331.4830489,"TUMKUR MADHUGIRI",0.992610837,103.3940887,0.369458128,3040.982759,962.4827586,1235.268473,705.7192118,3.418719212,1,0.386699507,0.832512315,0.433497537,2.177339901,1.342364532,25.19950739,3.47044335,4.307881773,0.371921182,0.933497537,0,56936,265884,32518,142902,141613,92091,"TUMKUR MADHUGIRI",406,394,400,391,402,403,460,400,400,1.52698169126386,1.48184922748266,1.50441545937326,1.47056611153736,1.51193753667013,1.51569857531856,1.73007777827925,1.50441545937326,1.50441545937326
"88","MADIKERI",817,2005,75.18658842,41.5890124,54.52794334,37.12361016,42.87390372,50.80294979,302.1040078,"KODAGU",0.911949686,84.20754717,0.13836478,1437.106918,798.7421384,2899.371069,1183.396226,4.597484277,1,0.830188679,0.880503145,0.767295597,0.867924528,4.150943396,19.87421384,4.647798742,0,0,0.867924528,0,33101,142012,18165,103615,67020,21490,"KODAGU",159,155,157,161,160,160,190,162,163,1.11962369377236,1.09145705996676,1.10554037686956,1.13370701067515,1.12666535222376,1.12666535222376,1.33791510576571,1.14074866912655,1.14779032757795
"89","MAGADI",826,2005,71.53015051,53.18845514,60.59447573,41.93683711,47.3032187,55.80650804,330.3596452,"RAMANAGARA",0.990719258,89.14153132,0.171693735,2351.160093,686.187935,4147.770302,814.1554524,2.619489559,1,0.489559165,0.883990719,0.276102088,1.663573086,1.250580046,18.87238979,2.682134571,0,0,0.972157773,1,43534,202417,23059,112412,105259,43983,"RAMANAGARA",431,432,436,440,444,447,482,408,410,2.12926779865328,2.13420809516987,2.15396928123626,2.17373046730265,2.19349165336904,2.20831254291883,2.38122292099972,2.01564097877155,2.02552157180474
"90","MALAVALLY",835,2005,71.98681963,37.37352575,55.48196215,40.50983873,46.52170047,54.89287822,306.7667249,"MANDYA",0.944625407,95.00977199,0.768729642,2857.504886,1487.540717,4472.345277,1842.09772,4.022801303,1,0.635179153,0.726384365,0.429967427,2.319218241,1.592833876,20.18892508,3.530944625,0,0,0.879478827,0,59169,281809,33771,138068,128904,59405,"MANDYA",307,307,306,307,311,312,371,316,305,1.08939033174952,1.08939033174952,1.08584182904024,1.08939033174952,1.10358434258665,1.10713284529593,1.31649450514355,1.12132685613305,1.08229332633095
"91","MALUR",844,2005,71.96968845,42.89425052,54.25797775,38.57538545,46.20811579,54.1120612,308.0174792,"KOLAR",0.982905983,121.991453,0.435897436,2476.780627,1546.504274,3423.589744,1682.076923,3.150997151,1,0.566951567,0.715099715,0.367521368,1.715099715,1.760683761,12.01139601,3.321937322,6.621082621,1.746438746,0.911680912,1,40047,207009,28365,109203,99365,69785,"KOLAR",351,364,365,354,354,358,396,359,359,1.69557845311073,1.7583776550778,1.76320836292142,1.7100705766416,1.7100705766416,1.72939340801608,1.91296030607365,1.7342241158597,1.7342241158597
"92","MANVI",853,2005,75.48597977,46.51953457,62.4406802,47.07701962,52.39529399,64.67126175,348.5897699,"RAICHUR",0.901694915,85.38644068,0.911864407,2614.067797,1871.932203,4161.233898,3373.674576,3.738983051,1,0.427118644,0.593220339,0.576271186,2.545762712,1.644067797,14.54576271,3.701694915,0,0,0.823728814,0,59964,330719,57460,115665,160076,140195,"RAICHUR",295,300,312,338,360,373,437,378,392,0.891995924032184,0.907114499015781,0.943399078976412,1.02201566889111,1.08853739881894,1.12784569377629,1.32136345356632,1.14296426875988,1.18529627871395
"93","MOLAKALMUR",862,2005,64.2460732,39.98158539,52.14774542,43.19111777,46.17699883,51.56548825,297.3090089,"CHITRADURGA",0.869281046,90.78431373,0.307189542,2619.411765,1576.026144,3938.751634,2447.51634,3.895424837,1,0.60130719,0.862745098,0.411764706,2.568627451,1.281045752,46.22222222,3.784313725,0,0,0.882352941,0,22581,126742,20555,55871,56902,69799,"CHITRADURGA",153,154,160,167,169,170,195,175,176,1.20717678433353,1.21506682867558,1.26240709472787,1.31763740512222,1.33341749380632,1.34130753814836,1.53855864669959,1.38075775985861,1.38864780420066
"94","MOODIGERE",871,2005,82.18879587,44.62544859,60.74829906,41.06738355,45.9005187,53.44570517,327.9761509,"CHIKKAMANGALORE",0.978723404,86.87659574,0.70212766,2078.27234,1637.07234,4082.225532,1644.123404,2.906382979,1,0.85106383,0.821276596,0.49787234,1.259574468,1.268085106,81.19574468,2.408510638,0,0,0.944680851,0,31880,141415,17884,85046,71723,47210,"CHIKKAMANGALORE",235,230,228,218,211,211,242,211,213,1.66177562493371,1.62641869674363,1.6122759254676,1.54156206908744,1.49206236962133,1.49206236962133,1.71127532439982,1.49206236962133,1.50620514089736
"95","MUDDEBIHAL",880,2005,74.23570612,50.72589162,68.63860447,51.5516645,56.11830288,65.94708992,367.2172595,"BIJAPUR",0.858736059,104.9962825,0.836431227,3313.962825,2050.033457,3944.94052,2287.438662,4.524163569,1,0.394052045,0.728624535,0.654275093,3.330855019,1.855018587,9.026022305,4.962825279,3.12267658,0.713754647,0.910780669,0,44548,253638,40674,123896,99837,52043,"BIJAPUR",269,271,286,293,298,318,389,336,343,1.06056663433713,1.06845188812402,1.12759129152572,1.15518967977984,1.17490281424708,1.25375535211601,1.53368186155071,1.32472263619805,1.35232102445217
"96","MUDHOL",889,2005,70.27145097,36.68767159,53.63270293,35.51986803,41.69207657,51.83982129,289.6435914,"BAGALKOT",0.822510823,97.42424242,0.376623377,2238.614719,629.9393939,4817.194805,1969.65368,4.705627706,1,0.826839827,0.575757576,0.662337662,3.038961039,1.670995671,14.53679654,4.41991342,0,0,0.848484848,0,43466,244316,39607,107637,116293,52655,"BAGALKOT",231,265,282,286,290,294,344,312,318,0.94549681559947,1.08466084906433,1.15424286579675,1.17061510502791,1.18698734425907,1.20335958349023,1.40801257387973,1.27703466003045,1.30159301887719
"97","MULBAGAL",898,2005,63.35974862,41.39606014,52.35769102,36.8777037,45.31387679,53.54305193,292.8481322,"KOLAR",0.928217822,122.5445545,0.467821782,2686.586634,1647.69802,3431.413366,1529.136139,2.836633663,1,0.314356436,0.804455446,0.373762376,1.727722772,1.445544554,7.975247525,2.967821782,4.175742574,0.574257426,0.945544554,1,44055,231302,33170,116654,114506,71068,"KOLAR",404,428,433,424,422,429,481,440,438,1.74663427034786,1.85039472205169,1.87201148282332,1.83310131343438,1.82445460912573,1.85471807420602,2.07953238623099,1.90227494790361,1.89362824359495
"98","MUNDARAGI",911,2005,64.07264576,37.72159951,52.74654175,35.37931169,40.49009554,49.61771901,280.0279133,"GADAG",0.820754717,103.2264151,2.08490566,6438.679245,4708.801887,3786.783019,2517.358491,5.29245283,1,0.632075472,0.962264151,0.70754717,3.349056604,1.867924528,1.566037736,4.962264151,0,0,0.896226415,0,21596,116309,17541,61352,59286,31735,"GADAG",106,108,110,114,116,119,151,121,120,0.911365414542297,0.928560988401585,0.945756562260874,0.980147709979451,0.99734328383874,1.02313664462767,1.29826582637629,1.04033221848696,1.03173443155732
"99","MYSORE RURAL",920,2005,76.51825552,37.85785303,52.67434122,40.94878315,46.27239811,53.41056549,307.6821965,"MYSORE",0.962962963,96.29259259,0.359259259,3123.822222,1443.881481,7132.122222,3150.503704,4.962962963,1,0.855555556,0.881481481,0.577777778,1.151851852,4.055555556,75.21481481,4.814814815,0,0,0.825925926,0,217208,1038490,120821,701882,369570,195369,"MYSORE",270,285,286,290,297,305,368,324,332,0.259992874269372,0.274436922839893,0.275399859411261,0.279251605696733,0.285992161696309,0.293695654267253,0.35436065826344,0.311991449123246,0.319694941694191
"100","NAGAMANGALA",929,2005,68.24024796,40.33795136,57.53107593,43.43375078,46.66049262,57.28124303,313.4847617,"MANDYA",0.982188295,94.81679389,0.183206107,2506.361323,952.2111959,4718.575064,1536.323155,2.770992366,1,0.460559796,0.834605598,0.407124682,1.470737913,1.007633588,94.44529262,2.435114504,0,0,0.96437659,0,40608,190770,22573,104324,97175,23990,"MANDYA",393,396,396,396,392,385,433,389,360,2.06007233841799,2.07579808145935,2.07579808145935,2.07579808145935,2.05483042407087,2.01813702364103,2.26974891230277,2.03910468102951,1.88708916496304
"101","NANJANAGUD",938,2005,73.78542863,38.35686696,51.41770991,37.55837443,44.36519933,52.77028357,298.2538628,"MYSORE",0.946488294,101.3712375,0.180602007,3115.033445,1115.742475,6565.150502,2371.414716,4.324414716,1,0.775919732,0.943143813,0.347826087,2,2.568561873,0.816053512,4.307692308,0,0,0.939799331,0,74102,360223,45307,156128,156238,128488,"MYSORE",299,308,311,316,317,322,384,320,315,0.830041391027225,0.855025914502961,0.863354088994873,0.877234379814726,0.880010437978696,0.89389072879855,1.06600633496473,0.888338612470609,0.874458321650755
"102","NARAGUND",947,2005,66.50772789,46.29643595,66.11923792,37.51181739,51.73488981,65.76423499,333.934344,"GADAG",0.725806452,109.5322581,0.161290323,3383.870968,2283.258065,7306.451613,4836.693548,6.14516129,1,0.919354839,0.951612903,0.661290323,4.177419355,2.290322581,2.225806452,6.35483871,0,0,0.838709677,0,17000,92679,13549,50703,44030,12466,"GADAG",62,65,68,69,67,69,98,70,74,0.668975711865687,0.701345504375317,0.733715296884947,0.74450522772149,0.722925366048404,0.74450522772149,1.05741322198125,0.755295158558034,0.798454881904207
"103","NARASIMHARAJAPURA",956,2005,87.93658753,47.20935797,63.021676,40.94293304,48.10259235,55.57800248,342.7911494,"CHIKKAMANGALORE",0.922413793,99.06034483,0.24137931,2597.344828,2462.025862,5087.956897,3325.922414,3.810344828,1,0.905172414,0.931034483,0.655172414,1.922413793,1.784482759,26.4137931,3.353448276,0,0,0.922413793,0,14793,65639,8570,43852,29990,12066,"CHIKKAMANGALORE",116,115,114,114,114,117,137,117,118,1.7672420359847,1.75200719084691,1.73677234570911,1.73677234570911,1.73677234570911,1.7824768811225,2.08717378387849,1.7824768811225,1.7977117262603
"104","NAVALGUND",965,2005,64.63606336,41.30325824,55.9676601,37.38111686,41.9317128,55.14878902,296.3686004,"DHARWAD",0.716666667,111.4666667,1.2,3498.333333,2921.916667,4594.75,3968.65,6.583333333,1,0.875,0.783333333,0.8,3.433333333,2.15,1.416666667,5.533333333,0,0,0.891666667,0,32198,176648,25311,96687,98748,23197,"DHARWAD",120,125,128,128,134,135,169,138,142,0.679317059915765,0.707621937412255,0.724604863910149,0.724604863910149,0.758570716905937,0.764231692405235,0.956704859381369,0.781214618903129,0.803858520900322
"105","NELAMANGALA",974,2005,78.05319948,40.08076186,56.23256094,40.12532155,46.27051717,55.80709446,316.5694555,"BANGALORE RURAL",0.92238806,95.02686567,0.441791045,2708.050746,509.9970149,4706.050746,533.1552239,3.176119403,1,0.531343284,0.826865672,0.328358209,1.540298507,1.853731343,6.426865672,3.080597015,0,0,0.91641791,1,36957,174880,20662,111500,78078,46130,"BANGALORE RURAL",335,337,338,331,332,329,365,334,331,1.91559926806953,1.92703568161025,1.9327538883806,1.89272644098811,1.89844464775846,1.88129002744739,2.08714547118024,1.90988106129918,1.89272644098811
"106","PANDAVAPURA",983,2005,68.43516107,37.94939617,53.92679394,37.03353829,44.9308723,55.45209428,297.727856,"MANDYA",0.928909953,97.06635071,0.317535545,2563.507109,1374.549763,4182.938389,1792.838863,3.881516588,1,0.758293839,0.881516588,0.630331754,2.227488152,1.549763033,5.601895735,3.559241706,0,0,0.876777251,0,36846,175009,20932,87370,90266,22594,"MANDYA",211,215,217,218,218,221,255,228,220,1.20565228073985,1.22850824814724,1.23993623185093,1.24565022370278,1.24565022370278,1.26279219925832,1.45706792222114,1.30279014222126,1.25707820740648
"107","PAVAGADA",992,2005,62.50752896,40.0912093,53.96774205,44.30925727,50.66026692,58.49814654,310.034151,"TUMKUR MADHUGIRI",1.055555556,113.6925926,0.477777778,2561.855556,955.762963,1782.222222,423.0814815,4.107407407,1,0.625925926,0.874074074,0.622222222,2.462962963,1.47037037,30.1037037,3.762962963,5.440740741,1.018518519,0.9,0,50330,246255,32292,120980,130444,107272,"TUMKUR MADHUGIRI",270,274,277,274,273,284,348,281,281,1.09642443808248,1.1126677630911,1.12485025684758,1.1126677630911,1.10860693183895,1.15327607561268,1.41316927575075,1.14109358185621,1.14109358185621
"108","PERIYA PATNA",1001,2005,73.40562598,35.69296869,49.14212494,34.17296361,40.3516404,47.46330542,280.228629,"MYSORE",0.996621622,92.78378378,0.364864865,3272.875,1745.304054,2720.881757,1406.851351,3.162162162,1,0.868243243,0.766891892,0.530405405,2.699324324,1.185810811,0.506756757,3.695945946,0,0,0.939189189,0,42693,224254,29177,115458,102057,53603,"MYSORE",296,306,312,319,320,324,363,327,320,1.3199318629768,1.36452415564494,1.39127953124582,1.42249413611351,1.42695336538033,1.44479028244758,1.61870022385331,1.45816797024802,1.42695336538033
"109","RAIBAG",1010,2005,76.67191822,46.98634366,66.88281076,46.87800637,54.48739858,64.13098859,356.0374662,"BELGAUM CHIKKODI",0.945714286,92.82857143,1.354285714,2649.685714,2263.148571,2074.8,1583.051429,4.44,1,0.311428571,0.611428571,0.785714286,2.997142857,1.757142857,1.422857143,4.391428571,0,0,0.791428571,0,59212,347600,57879,161035,140161,67661,"BELGAUM CHIKKODI",350,374,378,389,395,411,490,425,441,1.00690448791715,1.07594936708861,1.08745684695052,1.11910241657077,1.13636363636364,1.18239355581128,1.409666283084,1.22266973532796,1.2686996547756
"110","RAICHUR",1019,2005,60.76506981,42.94497371,55.96925708,40.18752369,43.28761936,53.23250671,296.3869504,"RAICHUR",0.655629139,73.1589404,0.42384106,2803.271523,2420.334437,3382.791391,2235.781457,3.062913907,1,0.370860927,0.586092715,0.652317881,1.963576159,3.658940397,18.25827815,5.231788079,0,0,0.870860927,0,81265,435380,65369,205576,178632,134775,"RAICHUR",302,326,351,323,334,378,448,401,416,0.69364692911939,0.748771188387156,0.806192291791079,0.741880655978685,0.767145941476411,0.868207083467316,1.0289861729983,0.921034498598925,0.955487160641279
"111","RAMDURG",1036,2005,75.13157927,53.23027018,66.75211887,56.51040843,63.53685057,69.70301151,384.8642388,"BELGAUM",0.899543379,0,0,0,0,0,0,0,1,0.401826484,0.442922374,0.753424658,2.785388128,1.853881279,10.5890411,4.410958904,0,0,0.890410959,0,40676,227412,36544,104939,113705,39176,"BELGAUM",219,231,225,236,234,239,287,255,258,0.963009867553163,1.01577753152868,0.989393699540921,1.03776405818514,1.02896944752256,1.05095597417902,1.26202663008109,1.12131285947971,1.13450477547359
"112","RON",1045,2005,70.35659629,48.64854523,65.62843169,46.61781257,55.46259337,68.31821324,355.0321924,"GADAG",0.805405405,113.8216216,0.567567568,3669.897297,2419.67027,6743.810811,3276.421622,6.432432432,1,0.87027027,0.908108108,0.713513514,4.032432432,2.27027027,1.918918919,6.113513514,0,0,0.881081081,0,46271,247645,36453,134860,119711,48015,"GADAG",185,195,201,199,203,207,274,211,209,0.747037089381978,0.787417472591815,0.811645702517717,0.80356962587575,0.819721779159684,0.835873932443619,1.10642249994952,0.852026085727554,0.843950009085586
"113","SAGAR",1054,2005,83.59188719,41.95948754,60.90619822,38.43686776,44.32997507,53.28968083,322.5140966,"SHIMOGA",0.931952663,92.96449704,0.198224852,2596.997041,1520.943787,4541.43787,1509.588757,3.224852071,1,0.846153846,0.801775148,0.51183432,1.50295858,1.724852071,18.52662722,3.065088757,0,0,0.926035503,0,41915,200995,24759,136850,87927,23279,"SHIMOGA",338,336,348,359,362,365,410,365,363,1.68163387148934,1.67168337520834,1.73138635289435,1.78611408243986,1.80103982686136,1.81596557128287,2.03985173760541,1.81596557128287,1.80601507500187
"114","SANDUR",1063,2005,67.82421149,42.65006682,58.94689554,45.93320688,48.83766269,59.47194232,323.6639857,"BELLARY",0.878453039,101.2928177,0.834254144,3573.779006,2098.104972,4917.40884,3051.486188,5.248618785,1,0.458563536,0.784530387,0.38121547,2.64640884,1.883977901,12.17679558,3.972375691,0,0,0.845303867,0,35218,191166,32618,84578,85913,83842,"BELLARY",181,184,188,196,193,204,234,207,203,0.946821087431866,0.962514254626869,0.98343847755354,1.02528692340688,1.00959375621188,1.06713536926022,1.22406704121026,1.08282853645523,1.06190431352856
"115","SAVANUR",1072,2005,71.47602439,37.35842167,54.20983349,40.29022214,48.00747824,54.7771701,306.11915,"HAVERI",0.886956522,99.77391304,0.252173913,3170.408696,2122.591304,3737.852174,1700.843478,5.052173913,1,0.939130435,0.817391304,0.652173913,3.356521739,1.304347826,1.617391304,4.626086957,0,0,0.930434783,0,24420,143885,22047,72647,68092,31289,"HAVERI",115,119,122,125,126,132,166,139,140,0.79924940056295,0.827049379712965,0.847899364075477,0.868749348437989,0.875699343225493,0.917399311950516,1.15369913472565,0.966049275463043,0.972999270250547
"116","SHAHAPUR",1085,2005,67.44449194,35.62168502,53.1418667,33.51776321,40.81039985,51.86411959,282.4003263,"YADAGIRI",0.876404494,109.3071161,1.026217228,2288.202247,1210.895131,5230.632959,2601.149813,3.880149813,1,0.325842697,0.528089888,0.464419476,2.127340824,1.078651685,26.80149813,3.003745318,0,0,0.898876404,1,48435,293518,55861,92127,130813,90674,"YADAGIRI",267,271,305,307,331,343,406,374,378,0.90965460380624,0.923282388132925,1.03911855490975,1.04593244707309,1.1276991530332,1.16858250601326,1.38322010915855,1.27419783454507,1.28782561887176
"117","SHIGGOAN",1094,2005,68.13318236,40.14229147,56.60159365,38.67737827,47.22598026,56.09467403,306.8751,"HAVERI",0.805882353,101.7705882,0.388235294,3112.064706,6021.623529,3882.141176,2208.576471,4.458823529,1,0.882352941,0.611764706,0.647058824,2.429411765,1.829411765,48.42352941,4.164705882,0,0,0.935294118,0,29225,166742,25499,92208,79532,27052,"HAVERI",170,171,173,187,189,193,229,197,194,1.01953916829593,1.0255364575212,1.03753103597174,1.12149308512552,1.13348766357606,1.15747682047714,1.37337923258687,1.18146597737823,1.16347410970241
"118","SHIKARIPUR",1103,2005,75.23311182,41.98676843,57.22716247,38.09645711,46.2892772,53.30895241,312.1417294,"SHIMOGA",0.832061069,88.90076336,0.93129771,2951.232824,2844.751908,2910.278626,1216.770992,4.038167939,1,0.721374046,0.877862595,0.572519084,2.58778626,1.442748092,31.28244275,3.893129771,0,0,0.881679389,0,41389,213590,29912,126850,98802,59579,"SHIMOGA",262,259,269,274,277,276,340,283,285,1.22664918769605,1.21260358631022,1.25942225759633,1.28283159323938,1.29687719462522,1.29219532749661,1.5918348237277,1.32496839739688,1.3343321316541
"119","SHIMOGA",1112,2005,80.04090312,47.18638888,60.15202995,42.30049686,46.77184702,52.02479012,328.476456,"SHIMOGA",0.601830664,95.81464531,0.631578947,2681.672769,1561.583524,3726.139588,1945.05492,4.95423341,1,0.862700229,0.80778032,0.601830664,1.505720824,3.784897025,19.78718535,4.887871854,0,0,0.773455378,0,93426,445192,57295,299778,174277,92350,"SHIMOGA",437,443,464,475,477,493,599,498,499,0.981598950565149,0.99507628169419,1.04224694064583,1.06695538104908,1.07144782475876,1.1073873744362,1.34548689104926,1.1186184837104,1.12086470556524
"120","SHIRHATTI",1121,2005,73.4141419,44.91119467,59.42811995,41.05128295,47.49770778,57.93747117,324.2399184,"GADAG",0.759493671,95.6835443,1.158227848,3948.468354,3364.620253,5521.518987,4860.28481,4.670886076,1,0.905063291,0.911392405,0.740506329,3.082278481,2.094936709,7.620253165,4.981012658,0,0,0.898734177,0,33665,183191,25723,99110,91427,44705,"GADAG",158,156,160,159,167,168,209,182,176,0.862487785972018,0.85157021906098,0.873405352883056,0.867946569427537,0.91161683707169,0.917075620527209,1.14088574220349,0.993498588904477,0.960745888171362
"121","SHORAPUR",1130,2005,66.1730591,35.88677636,55.04773881,33.56727289,40.51614186,50.87275617,282.0637452,"YADAGIRI",0.875,42.55681818,0.303977273,1388.778409,435.2556818,2421.789773,1103.863636,1.630681818,1,0.394886364,0.630681818,0.653409091,2.775568182,1.125,60.67897727,3.636363636,0,0,0.914772727,1,56057,336755,61467,119600,146228,121487,"YADAGIRI",352,370,380,385,398,421,489,434,445,1.04527030036674,1.09872162254458,1.12841680153227,1.14326439102612,1.18186812371012,1.25016703538181,1.45209425249811,1.2887707680658,1.32143546495227
"122","SIDLAGHATTA",1143,2005,69.51153048,41.69024927,58.67717003,42.34338577,50.49127315,59.67085097,322.3844597,"CHIKKABALLAPURA",0.980066445,119.3089701,0.196013289,5674.627907,2342.142857,1908.631229,1298.093023,3.61461794,1,0.448504983,0.687707641,0.607973422,2.053156146,1.740863787,0.774086379,3.388704319,7.019933555,0.817275748,0.890365449,1,36955,193965,26626,101871,106960,58459,"CHIKKABALLAPURA",301,284,284,304,302,310,342,312,310,1.55182636042585,1.46418168226226,1.46418168226226,1.56729306833707,1.55698192972959,1.59822648415951,1.7632047018792,1.60853762276699,1.59822648415951
"123","SINDAGI",1152,2005,71.38527493,48.83594552,64.81513622,47.73625868,54.74362488,65.16513927,352.6813795,"BIJAPUR",0.990228013,109.2084691,0.739413681,2398.159609,935.8208469,3181.47557,645.009772,4.368078176,1,0.400651466,0.599348534,0.706840391,3.631921824,1.478827362,34.26058632,5.019543974,7.635179153,0.697068404,0.944625407,0,54967,326655,54788,141786,130405,63315,"BIJAPUR",307,332,380,391,398,421,518,470,474,0.939829483706051,1.01636282928472,1.16330685279576,1.19698152485038,1.2184108616124,1.28882153954478,1.58577092039001,1.43882689687897,1.45107223217156
"124","SINDHANUR",1161,2005,73.63722326,44.06738777,59.52891392,41.88075544,45.32840348,59.49289424,323.9355781,"RAICHUR",0.828571429,66.45396825,0.247619048,1860.288889,1324.850794,2355.346032,1326.765079,2.787301587,1,0.425396825,0.704761905,0.685714286,2.644444444,1.473015873,39.21269841,3.698412698,0,0,0.793650794,0,65763,360164,62385,151355,167935,106345,"RAICHUR",315,342,370,384,389,416,498,432,437,0.874601570395709,0.949567419286769,1.02730978109972,1.0661809620062,1.08006352661565,1.15502937550671,1.38270343510179,1.19945358225697,1.21333614686643
"125","SIRA",1170,2005,67.43352541,35.58031437,51.288271,36.56806975,42.84075682,51.35605033,285.0669877,"TUMKUR MADHUGIRI",0.967032967,106.9098901,0.351648352,267.2417582,234.8065934,457.3648352,414.2857143,3.167032967,1,0.384615385,0.797802198,0.487912088,2.035164835,1.417582418,9.342857143,3.349450549,7.586813187,0.773626374,0.942857143,0,60823,301473,38524,164189,161639,92609,"TUMKUR MADHUGIRI",455,437,450,460,470,475,553,484,486,1.50925621863318,1.44954937921472,1.49267098546138,1.52584145180497,1.55901191814856,1.57559715132035,1.83432678880032,1.60545057102958,1.6120846642983
"126","SIRUGUPPA",1183,2005,77.10408337,47.42126203,65.52064062,52.30393964,53.68133822,64.4046389,360.4359028,"BELLARY",0.769607843,96.8627451,0.769607843,2205.147059,1402.941176,1921.446078,532.627451,4.5,1,0.475490196,0.833333333,0.637254902,2.81372549,1.745098039,5.990196078,3.769607843,0,0,0.769607843,0,42098,235344,41395,84480,120799,87520,"BELLARY",204,224,230,226,230,233,275,247,237,0.866816234958189,0.951798218777619,0.977292813923448,0.960296417159562,0.977292813923448,0.990040111496363,1.16850227751717,1.04952750016996,1.00703650826025
"127","SORAB",1192,2005,78.95194214,37.88794181,55.68401659,34.77440161,40.53122094,47.47085167,295.3003748,"SHIMOGA",0.975535168,93.58715596,0.217125382,2936.41896,974.2171254,1653.272171,385.6085627,2.975535168,1,0.425076453,0.853211009,0.498470948,1.859327217,1.070336391,18.95107034,2.862385321,0,0,0.966360856,0,37363,185572,24651,113802,92734,41858,"SHIMOGA",327,324,330,326,326,328,370,332,330,1.762119285237,1.74595305326235,1.77828551721165,1.75673054124545,1.75673054124545,1.76750802922855,1.99383527687367,1.78906300519475,1.77828551721165
"128","SOUNDATTI",1201,2005,70.54253153,47.30918897,61.58823212,46.03126344,53.75726947,62.96623631,342.1947218,"BELGAUM",0.888446215,0,0,0,0,0,0,0,1,0.541832669,0.629482072,0.908366534,2.685258964,1.852589641,29.22310757,4.243027888,0,0,0.892430279,0,55729,311693,48564,148776,150689,58552,"BELGAUM",251,263,245,257,274,277,343,289,290,0.805279553920043,0.843778974824587,0.786029843467771,0.824529264372315,0.879070110653752,0.888694965879888,1.10044178085488,0.927194386784432,0.930402671859811
"129","SRINGERI",1210,2005,91.84013928,49.68681495,64.34678301,46.51598499,51.85506308,60.69842234,364.9432076,"CHIKKAMANGALORE",0.93902439,1.146341463,0,24.3902439,14.06097561,42.68292683,6.097560976,0.243902439,1,0.731707317,0.073170732,0.609756098,1.62195122,1.256097561,49.12195122,2.841463415,0,0,0.963414634,0,8189,36930,4059,26557,16376,6822,"CHIKKAMANGALORE",82,80,80,76,76,76,87,76,76,2.22041700514487,2.16626049282426,2.16626049282426,2.05794746818305,2.05794746818305,2.05794746818305,2.35580828594638,2.05794746818305,2.05794746818305
"130","SRINIVASAPUR",1219,2005,71.51365495,42.02075824,54.46906999,39.28321382,46.64158084,55.04501069,308.9732885,"KOLAR",0.948087432,137.8360656,0.521857923,2364.445355,1990.248634,3409.060109,2839.29235,3.683060109,1,0.407103825,0.838797814,0.325136612,1.959016393,1.442622951,14.21584699,3.128415301,2.18852459,0.308743169,0.893442623,1,36335,184721,24411,96685,96591,70028,"KOLAR",366,374,375,374,377,372,407,369,360,1.98136649325199,2.02467505048154,2.03008862013523,2.02467505048154,2.04091575944262,2.01384791117415,2.20332284905344,1.99760720221307,1.94888507532982
"131","T.N.PURA",1228,2005,74.16593846,40.15377882,53.22206625,36.69390385,44.06699125,51.44799196,299.7506706,"MYSORE",0.940520446,102.3903346,0.286245353,3002.628253,1077.672862,6336.442379,2270.72119,4.423791822,1,0.888475836,0.933085502,0.479553903,2,2.710037175,0.847583643,4.256505576,0,0,0.873605948,0,58550,279005,33008,131733,108028,107817,"MYSORE",269,267,265,265,270,274,326,275,269,0.964140427590903,0.956972097274242,0.949803766957581,0.949803766957581,0.967724592749234,0.982061253382556,1.16843784161574,0.985645418540886,0.964140427590903
"132","TARIKERE",1237,2005,75.63539642,39.24508187,50.71237176,36.47311652,41.18855943,49.59490666,292.8494327,"CHIKKAMANGALORE",0.896103896,80.70779221,0.506493506,2511.340909,1639.652597,4177.876623,1545.844156,3.324675325,1,0.876623377,0.753246753,0.568181818,2.386363636,1.75974026,33.0974026,3.899350649,0,0,0.892857143,0,46860,224170,27091,138218,100162,56503,"CHIKKAMANGALORE",308,335,301,282,272,281,320,285,286,1.37395726457599,1.49440157023687,1.34273096310836,1.25797385912477,1.21336485702815,1.25351295891511,1.42748806709194,1.27135655975376,1.27581745996342
"133","THIRTHAHALLI",1246,2005,85.03959465,42.30339612,60.44168151,39.92775138,44.74032123,52.73784334,325.1905882,"SHIMOGA",0.95202952,92.81918819,0.188191882,5081.468635,1334.084871,4720.756458,1240.616236,3.21402214,1,0.926199262,0.848708487,0.675276753,1.42804428,1.472324723,15.35793358,2.837638376,0,0,0.955719557,0,32002,143207,16292,99008,80276,16105,"SHIMOGA",271,272,275,271,271,259,296,261,248,1.89236559665379,1.89934849553444,1.92029719217636,1.89236559665379,1.89236559665379,1.8085708100861,2.06693806866983,1.82253660784738,1.73175892239904
"134","TIPTUR",1255,2005,76.1460719,36.41342792,54.74615008,38.89709842,43.05576845,51.12829336,300.3868101,"TUMKUR",0.919402985,101.6716418,0.367164179,1887.597015,284.3731343,950.7283582,352.5373134,3.349253731,1,0.626865672,0.880597015,0.411940299,1.352238806,1.982089552,48.27164179,3.274626866,4.802985075,1.11641791,0.91641791,0,47423,217124,23835,145021,109110,38294,"TUMKUR",335,337,345,329,332,330,382,324,319,1.54289714633113,1.55210847257788,1.58895377756489,1.51526316759087,1.529080156961,1.51986883071425,1.75936331312982,1.49223485197399,1.4692065363571
"135","TUMKUR",1264,2005,76.68944544,45.38054184,59.90824852,45.15226789,50.09982794,57.28879423,334.5191259,"TUMKUR",1.152011923,109.804769,0.496274218,2562.788376,1199.181818,476.8628912,416.3636364,3.867362146,1,0.707898659,1.038748137,0.725782414,1.295081967,2.967213115,17.24441133,4.058122206,6.62295082,1.020864382,0.825633383,0,109576,516661,60301,342102,235753,113722,"TUMKUR",671,665,685,668,674,652,794,655,646,1.29872392148817,1.28711089089364,1.32582099287541,1.29291740619091,1.30453043678544,1.2619493246055,1.53679104867602,1.26775583990276,1.25033629401097
"136","TURUVEKERE",1273,2005,77.08491495,43.51086325,57.04127836,45.5085411,52.93113385,58.28648535,334.3632169,"TUMKUR",0.950292398,103.7573099,0.459064327,204.6900585,121.3450292,144.5409357,87.5,2.736842105,1,0.374269006,0.792397661,0.409356725,1.722222222,1.175438596,18.00584795,2.859649123,5.435672515,0.99122807,0.950292398,0,38418,174297,19134,110759,85614,27366,"TUMKUR",342,341,346,338,341,340,379,329,321,1.96216802354602,1.95643069014383,1.98511735715474,1.93921868993729,1.95643069014383,1.95069335674165,2.17444935942673,1.88758268931766,1.84168402210021
"137","UDUPI",1282,2005,86.57662279,48.57679149,68.31461866,44.52409771,48.75890357,56.02078199,352.7718162,"UDUPI",0.810055866,99.54189944,0.555865922,2892.22905,1706.282123,1423.463687,586.9581006,6.164804469,1,0.907821229,0.837988827,0.854748603,1.974860335,3.893854749,21.11452514,5.522346369,0,0,0.874301676,0,104608,529225,50472,407631,230626,50041,"UDUPI",358,356,185,168,171,170,241,171,172,0.676460862582078,0.672681751617932,0.349567764183476,0.317445320988238,0.323113987434456,0.321224431952383,0.455382871179555,0.323113987434456,0.325003542916529
"138","VIRAJPET",1291,2005,73.66114975,43.78184713,55.66353456,38.4736688,43.40007452,53.81894887,308.7992236,"KODAGU",0.892857143,85.875,0.285714286,2607.910714,1733.011905,2508.559524,1432.178571,5.125,1,0.81547619,0.910714286,0.767857143,0.863095238,4.488095238,1.595238095,4.494047619,0,0,0.755952381,0,48935,200628,26013,129455,101160,50879,"KODAGU",168,178,177,179,180,179,232,176,177,0.837370656139721,0.887214147576609,0.882229798432921,0.892198496720298,0.897182845863987,0.892198496720298,1.15636900133581,0.877245449289232,0.882229798432921
"139","YADGIR",1300,2005,63.79576651,34.72648016,52.28579948,31.63780329,39.48488272,49.99144275,271.9221749,"YADAGIRI",0.822463768,94.7826087,0.423913043,2715.963768,1380.981884,5559.844203,2288.423913,3.561594203,1,0.384057971,0.648550725,0.420289855,2.34057971,1.076086957,33.17753623,3.326086957,0,0,0.923913043,1,54798,325907,60343,98861,167370,95457,"YADAGIRI",276,293,300,326,345,357,429,386,389,0.846867357865894,0.899029477734446,0.92050799768032,1.00028535747928,1.05858419733237,1.09540451723958,1.31632643668286,1.18438695701534,1.19359203699215
"140","YELANDUR",1309,2005,73.07238152,40.93692365,57.14488651,44.49426436,46.82841319,56.56467494,319.0415442,"CHAMARAJANAGARA",0.875,100.9583333,0.236111111,2325,261.5972222,3695.833333,396.2638889,4.680555556,1,0.888888889,0.930555556,0.5,2.277777778,2.625,14.59722222,4.416666667,0,0,0.875,0,15607,77971,9307,34054,31715,40265,"CHAMARAJANAGARA",72,72,70,72,73,75,93,77,77,0.923420245988893,0.923420245988893,0.897769683600313,0.923420245988893,0.936245527183184,0.961896089571764,1.19275115106899,0.987546651960344,0.987546651960344
"141","YELBURGA",1318,2005,69.73028438,39.46789842,56.5301269,36.57805691,44.92318598,57.51709445,304.746647,"KOPPAL",0.994897959,84.99489796,0.403061224,1919.02551,1031.244898,5928.357143,3051.897959,4,1,0.744897959,0.846938776,0.719387755,3.244897959,1.683673469,16.55612245,4.770408163,0,0,0.93877551,0,41379,236373,40310,105307,124557,59580,"KOPPAL",196,198,221,223,228,236,293,245,260,0.829197920236237,0.837659123503954,0.934962961082696,0.943424164350412,0.964577172519704,0.998421985590571,1.2395662787205,1.0364974002953,1.09995642480317
