"","Name","Total.Rural.Urban","No.of.Households","Total.Population.Person","Total.Population.Male","Total.Population.Female","Population.in.the.age.group.0.6.Person","Population.in.the.age.group.0.6.Male","Population.in.the.age.group.0.6.Female","Scheduled.Castes.population.Person","Scheduled.Castes.population.Male","Scheduled.Castes.population.Female","Scheduled.Tribes.population.Person","Scheduled.Tribes.population.Male","Scheduled.Tribes.population.Female","Literates.Population.Person","Literates.Population.Male","Literates.Population.Female","Illiterate.Persons","Illiterate.Male","Illiterate.Female","Total.Worker.Population.Person","Total.Worker.Population.Male","Total.Worker.Population.Female","Main.Working.Population.Person","Main.Working.Population.Male","Main.Working.Population.Female","Main.Cultivator.Population.Person","Main.Cultivator.Population.Male","Main.Cultivator.Population.Female","Main.Agricultural.Labourers.Population.Person","Main.Agricultural.Labourers.Population.Male","Main.Agricultural.Labourers.Population.Female","Main.Household.Industries.Population.Person","Main.Household.Industries.Population.Male","Main.Household.Industries.Population.Female","Main.Other.Workers.Population.Person","Main.Other.Workers.Population.Male","Main.Other.Workers.Population.Female","Marginal.Worker.Population.Person","Marginal.Worker.Population.Male","Marginal.Worker.Population.Female","Marginal.Cultivator.Population.Person","Marginal.Cultivator.Population.Male","Marginal.Cultivator.Population.Female","Marginal.Agriculture.Labourers.Population.Person","Marginal.Agriculture.Labourers.Population.Male","Marginal.Agriculture.Labourers.Population.Female","Marginal.Household.Industries.Population.Person","Marginal.Household.Industries.Population.Male","Marginal.Household.Industries.Population.Female","Marginal.Other.Workers.Population.Person","Marginal.Other.Workers.Population.Male","Marginal.Other.Workers.Population.Female","Marginal.Worker.Population.3_6.Person","Marginal.Worker.Population.3_6.Male","Marginal.Worker.Population.3_6.Female","Marginal.Cultivator.Population.3_6.Person","Marginal.Cultivator.Population.3_6.Male","Marginal.Cultivator.Population.3_6.Female","Marginal.Agriculture.Labourers.Population.3_6.Person","Marginal.Agriculture.Labourers.Population.3_6.Male","Marginal.Agriculture.Labourers.Population.3_6.Female","Marginal.Household.Industries.Population.3_6.Person","Marginal.Household.Industries.Population.3_6.Male","Marginal.Household.Industries.Population.3.6.Female","Marginal.Other.Workers.Population.Person.3_6.Person","Marginal.Other.Workers.Population.Person.3_6.Male","Marginal.Other.Workers.Population.Person.3_6.Female","Marginal.Worker.Population.0_3.Person","Marginal.Worker.Population.0_3.Male","Marginal.Worker.Population.0_3_Female","Marginal.Cultivator.Population.0_3.Person","Marginal.Cultivator.Population.0_3.Male","Marginal.Cultivator.Population.0_3_Female","Marginal.Agriculture.Labourers.Population.0_3.Person","Marginal.Agriculture.Labourers.Population.0_3.Male","Marginal.Agriculture.Labourers.Population.0_3.Female","Marginal.Household.Industries.Population.0_3.Person","Marginal.Household.Industries.Population.0_3.Male","Marginal.Household.Industries.Population.0_3.Female","Marginal.Other.Workers.Population.0_3.Person","Marginal.Other.Workers.Population.0_3.Male","Marginal.Other.Workers.Population.0_3.Female","Non.Working.Population.Person","Non.Working.Population.Male","Non.Working.Population.Female","Split","SCST","distance","weights"
"75","BILAGI","Total",27142,142502,71342,71160,21618,11239,10379,27608,13695,13913,15663,7786,7877,76871,45188,31683,65631,26154,39477,68593,37684,30909,53943,32575,21368,18897,13954,4943,25138,10873,14265,1022,700,322,8886,7048,1838,14650,5109,9541,999,487,512,10581,3188,7393,563,243,320,2507,1191,1316,13652,4736,8916,893,434,459,10103,3035,7068,499,211,288,2157,1056,1101,998,373,625,106,53,53,478,153,325,64,32,32,350,135,215,73909,33658,40251,0,43271,0.203840304281055,1
"646","NELAMANGALA","Total",42152,173657,88664,84993,18350,9391,8959,40650,20358,20292,7482,3848,3634,118980,66730,52250,54677,21934,32743,78145,54907,23238,66642,49069,17573,22500,17497,5003,8341,4390,3951,1893,1300,593,33908,25882,8026,11503,5838,5665,1432,613,819,3751,1250,2501,849,449,400,5471,3526,1945,9841,4875,4966,1352,572,780,3452,1115,2337,557,284,273,4480,2904,1576,1662,963,699,80,41,39,299,135,164,292,165,127,991,622,369,95512,33757,61755,1,48132,0.0907065203819651,1
"892","DODDABALLAPURA","Total",50750,214952,110325,104627,21953,11230,10723,52037,26040,25997,12472,6426,6046,145106,82811,62295,69846,27514,42332,111718,69939,41779,89826,61217,28609,36052,26069,9983,16322,7563,8759,2176,1422,754,35276,26163,9113,21892,8722,13170,4393,1739,2654,10500,3332,7168,1351,562,789,5648,3089,2559,19675,7766,11909,4237,1672,2565,9500,3023,6477,1025,358,667,4913,2713,2200,2217,956,1261,156,67,89,1000,309,691,326,204,122,735,376,359,103234,40386,62848,1,64509,0.130516515943049,1
"1193","DEVANAHALLI","Total",31774,146705,75798,70907,15827,8066,7761,39705,20097,19608,17451,8930,8521,98187,56143,42044,48518,19655,28863,74538,47660,26878,61566,42393,19173,26572,19613,6959,15026,8083,6943,1118,589,529,18850,14108,4742,12972,5267,7705,1551,628,923,5340,1856,3484,883,276,607,5198,2507,2691,10964,4393,6571,1349,564,785,4893,1676,3217,650,206,444,4072,1947,2125,2008,874,1134,202,64,138,447,180,267,233,70,163,1126,560,566,72167,28138,44029,1,57156,0.149998187238953,1
"1413","HOSAKOTE","Total",46980,213838,111038,102800,24203,12582,11621,52008,26184,25824,8113,4208,3905,143733,81828,61905,70105,29210,40895,97751,68774,28977,84918,62167,22751,29152,22297,6855,16647,9525,7122,1894,1325,569,37225,29020,8205,12833,6607,6226,1961,933,1028,4468,1880,2588,1028,474,554,5376,3320,2056,10686,5575,5111,1648,812,836,3812,1625,2187,884,430,454,4342,2708,1634,2147,1032,1115,313,121,192,656,255,401,144,44,100,1034,612,422,116087,42264,73823,1,60121,0.0715905628925499,1
"3540","RAMDURG","Total",42511,225189,114297,110892,34476,17690,16786,36032,18205,17827,8395,4255,4140,122154,73121,49033,103035,41176,61859,110791,64537,46254,90196,58957,31239,35266,27593,7673,33012,14508,18504,3003,2112,891,18915,14744,4171,20595,5580,15015,2765,912,1853,13564,2695,10869,781,265,516,3485,1708,1777,18943,5042,13901,2355,761,1594,12764,2464,10300,690,240,450,3134,1577,1557,1652,538,1114,410,151,259,800,231,569,91,25,66,351,131,220,114398,49760,64638,0,44427,0.177006013951836,1
"3660","HADAGALI","Total",33008,167252,84819,82433,22408,11471,10937,49925,25235,24690,12917,6505,6412,101708,58689,43019,65544,26130,39414,84815,49096,35719,67897,42982,24915,18831,16063,2768,38146,18987,19159,1342,868,474,9578,7064,2514,16918,6114,10804,1061,538,523,12161,3726,8435,624,239,385,3072,1611,1461,15942,5815,10127,981,515,466,11879,3642,8237,555,213,342,2527,1445,1082,976,299,677,80,23,57,282,84,198,69,26,43,545,166,379,82437,35723,46714,0,62842,0.170833818035736,1
"3779","HOSPET","Total",36564,188965,94673,94292,29687,15157,14530,55268,27600,27668,37791,18749,19042,95166,55639,39527,93799,39034,54765,90924,53693,37231,79165,48393,30772,20971,14842,6129,36113,16749,19364,1147,749,398,20934,16053,4881,11759,5300,6459,1201,569,632,6834,2668,4166,421,187,234,3303,1876,1427,10141,4529,5612,1119,530,589,6196,2359,3837,341,161,180,2485,1479,1006,1618,771,847,82,39,43,638,309,329,80,26,54,818,397,421,98041,40980,57061,0,93059,0.267321743883012,1
"3856","SIRUGUPPA","Total",36512,190388,94949,95439,28909,14779,14130,43244,21391,21853,38200,18977,19223,80738,49522,31216,109650,45427,64223,105516,55408,50108,97528,52461,45067,33057,21203,11854,53310,23324,29986,751,472,279,10410,7462,2948,7988,2947,5041,753,328,425,6135,2038,4097,154,51,103,946,530,416,7383,2700,4683,616,269,347,5868,1934,3934,96,31,65,803,466,337,605,247,358,137,59,78,267,104,163,58,20,38,143,64,79,84872,39541,45331,0,81444,0.541317790194958,1
"4142","KUDLIGI","Total",48646,255932,130784,125148,33774,17289,16485,59682,30322,29360,75329,38197,37132,148456,86961,61495,107476,43823,63653,133249,75752,57497,105739,65925,39814,50605,36790,13815,38958,17496,21462,2038,1222,816,14138,10417,3721,27510,9827,17683,3476,1442,2034,19256,5928,13328,1030,416,614,3748,2041,1707,24517,8577,15940,2674,1072,1602,17708,5374,12334,841,328,513,3294,1803,1491,2993,1250,1743,802,370,432,1548,554,994,189,88,101,454,238,216,122683,55032,67651,0,135011,0.223132314072745,1
"5581","GUNDULPET","Total",48090,194965,97094,97871,17653,8946,8707,39176,19527,19649,22291,10985,11306,101690,57657,44033,93275,39437,53838,99109,64965,34144,84890,58801,26089,30284,25504,4780,40675,23000,17675,1710,1095,615,12221,9202,3019,14219,6164,8055,1324,591,733,10149,4223,5926,434,153,281,2312,1197,1115,12929,5610,7319,1203,553,650,9565,3923,5642,245,118,127,1916,1016,900,1290,554,736,121,38,83,584,300,284,189,35,154,396,181,215,95856,32129,63727,0,61467,0.378998406852697,1
"5742","CHAMARAJA NAGAR","Total",70488,287924,143772,144152,27222,13982,13240,72202,36377,35825,29956,14535,15421,146449,81102,65347,141475,62670,78805,137517,93847,43670,107281,78073,29208,29358,25695,3663,53645,34566,19079,2756,1668,1088,21522,16144,5378,30236,15774,14462,2525,1161,1364,18842,9490,9352,1308,600,708,7561,4523,3038,27270,14379,12891,2258,1080,1178,17390,8798,8592,1111,529,582,6511,3972,2539,2966,1395,1571,267,81,186,1452,692,760,197,71,126,1050,551,499,150407,49925,100482,0,102158,0.408942521959248,1
"5929","YELANDUR","Total",16840,73290,36787,36503,7192,3697,3495,26938,13671,13267,11169,5567,5602,39647,21684,17963,33643,15103,18540,31668,22783,8885,21775,16834,4941,4534,4220,314,9815,6990,2825,684,401,283,6742,5223,1519,9893,5949,3944,581,413,168,6574,3742,2832,362,193,169,2376,1601,775,8474,5144,3330,546,388,158,6006,3515,2491,256,114,142,1666,1127,539,1419,805,614,35,25,10,568,227,341,106,79,27,710,474,236,41622,14004,27618,0,38107,0.236929583199753,1
"5960","KOLLEGAL","Total",68719,289638,147231,142407,30536,15656,14880,83334,42311,41023,33018,16662,16356,154474,87466,67008,135164,59765,75399,146099,91852,54247,109585,73667,35918,37373,28148,9225,44320,25143,19177,2498,1269,1229,25394,19107,6287,36514,18185,18329,4120,2027,2093,22541,10514,12027,1179,359,820,8674,5285,3389,32665,16360,16305,3923,1958,1965,20793,9717,11076,998,302,696,6951,4383,2568,3849,1825,2024,197,69,128,1748,797,951,181,57,124,1723,902,821,143539,55379,88160,0,116352,0.389872824401912,1
"6102","GOWRIBIDANUR","Total",59994,253052,128180,124872,26341,13483,12858,66727,33762,32965,40977,20619,20358,153851,87477,66374,99201,40703,58498,137685,78858,58827,106839,66347,40492,42944,29134,13810,37738,18261,19477,2530,1388,1142,23627,17564,6063,30846,12511,18335,3364,1532,1832,19777,7074,12703,1368,539,829,6337,3366,2971,27619,11053,16566,3078,1390,1688,18166,6450,11716,1025,423,602,5350,2790,2560,3227,1458,1769,286,142,144,1611,624,987,343,116,227,987,576,411,115367,49322,66045,1,107704,0.283264587982528,1
"6344","CHIKKABALLAPUR","Total",32312,148884,76725,72159,15668,8081,7587,45400,23113,22287,16488,8345,8143,92546,53503,39043,56338,23222,33116,79351,46538,32813,66857,41871,24986,28018,19202,8816,22250,11344,10906,885,514,371,15704,10811,4893,12494,4667,7827,2263,674,1589,6786,2481,4305,570,163,407,2875,1349,1526,10804,4060,6744,2092,612,1480,6052,2215,3837,396,115,281,2264,1118,1146,1690,607,1083,171,62,109,734,266,468,174,48,126,611,231,380,69533,30187,39346,1,61888,0.220582458599833,1
"6598","GUDIBANDA","Total",10721,46391,23463,22928,4674,2351,2323,12245,6167,6078,7035,3597,3438,26477,15379,11098,19914,8084,11830,26806,14557,12249,21534,12404,9130,11702,7239,4463,7013,3250,3763,368,124,244,2451,1791,660,5272,2153,3119,1136,445,691,3554,1377,2177,124,33,91,458,298,160,4845,1954,2891,930,346,584,3423,1334,2089,108,24,84,384,250,134,427,199,228,206,99,107,131,43,88,16,9,7,74,48,26,19585,8906,10679,1,19280,0.274236842977889,1
"6706","BAGEPALLY","Total",37955,156487,79002,77485,16402,8408,7994,44845,22756,22089,28423,14282,14141,82223,48300,33923,74264,30702,43562,87084,48929,38155,71320,43257,28063,36960,23561,13399,22215,10837,11378,742,527,215,11403,8332,3071,15764,5672,10092,2919,1045,1874,9799,2940,6859,250,92,158,2796,1595,1201,13363,4483,8880,2514,858,1656,8734,2481,6253,193,66,127,1922,1078,844,2401,1189,1212,405,187,218,1065,459,606,57,26,31,874,517,357,69403,30073,39330,1,73268,0.419245968870191,1
"6938","SIDLAGHATTA","Total",34613,163010,82872,80138,17200,8775,8425,43402,21818,21584,18376,9308,9068,99204,57079,42125,63806,25793,38013,84229,51235,32994,74220,47445,26775,29545,20797,8748,24200,12683,11517,1388,872,516,19087,13093,5994,10009,3790,6219,1511,446,1065,4864,1626,3238,478,162,316,3156,1556,1600,8882,3271,5611,1287,371,916,4567,1502,3065,413,138,275,2615,1260,1355,1127,519,608,224,75,149,297,124,173,65,24,41,541,296,245,78781,31637,47144,1,61778,0.208850893275586,1
"7232","CHINTAMANI","Total",48838,222002,112280,109722,22139,11248,10891,61889,30809,31080,28565,14463,14102,136593,78267,58326,85409,34013,51396,119129,67887,51242,104420,62074,42346,44715,28202,16513,35798,17688,18110,1771,930,841,22136,15254,6882,14709,5813,8896,2859,960,1899,6634,2544,4090,1220,301,919,3996,2008,1988,12635,4928,7707,2546,805,1741,5775,2178,3597,957,214,743,3357,1731,1626,2074,885,1189,313,155,158,859,366,493,263,87,176,639,277,362,102873,44393,58480,1,90454,0.233608193568631,1
"7635","SRINGERI","Total",8148,32617,16044,16573,2606,1312,1294,3940,1912,2028,2917,1404,1513,25610,13233,12377,7007,2811,4196,13592,10083,3509,12238,9510,2728,4283,3919,364,3356,2160,1196,204,155,49,4395,3276,1119,1354,573,781,337,80,257,615,284,331,51,20,31,351,189,162,1183,542,641,280,75,205,553,275,278,43,15,28,307,177,130,171,31,140,57,5,52,62,9,53,8,5,3,44,12,32,19025,5961,13064,0,6857,0.178144895865902,1
"8083","KADUR","Total",56125,234794,118150,116644,21251,10847,10404,51183,25631,25552,4589,2255,2334,158567,88012,70555,76227,30138,46089,136895,77924,58971,105466,70235,35231,62133,46040,16093,27469,12401,15068,1427,1068,359,14437,10726,3711,31429,7689,23740,13920,2377,11543,13204,3273,9931,541,187,354,3764,1852,1912,28860,6680,22180,12924,2041,10883,12608,3073,9535,415,147,268,2913,1419,1494,2569,1009,1560,996,336,660,596,200,396,126,40,86,851,433,418,97899,40226,57673,0,55772,0.204827889104601,1
"8630","MOODIGERE","Total",28764,116216,57164,59052,10873,5476,5397,30194,14596,15598,14657,7128,7529,79924,42725,37199,36292,14439,21853,61414,37017,24397,57471,35323,22148,4583,3597,986,5109,2676,2433,399,251,148,47380,28799,18581,3943,1694,2249,272,121,151,1191,521,670,207,83,124,2273,969,1304,3045,1274,1771,223,106,117,874,359,515,139,37,102,1809,772,1037,898,420,478,49,15,34,317,162,155,68,46,22,464,197,267,54802,20147,34655,0,44851,0.186148273741097,1
"8773","MOLAKALMUR","Total",24202,125487,64095,61392,16815,8640,8175,25810,13311,12499,50797,25880,24917,69256,41264,27992,56231,22831,33400,65746,37264,28482,56066,33527,22539,20103,13374,6729,21796,10393,11403,1836,1076,760,12331,8684,3647,9680,3737,5943,699,359,340,6178,1972,4206,556,218,338,2247,1188,1059,8790,3343,5447,645,337,308,5788,1818,3970,487,193,294,1870,995,875,890,394,496,54,22,32,390,154,236,69,25,44,377,193,184,59741,26831,32910,0,76607,0.272873520793736,1
"9263","HOLALKERE","Total",42324,191477,96988,94489,19609,10025,9584,54399,27559,26840,23939,11970,11969,128391,71792,56599,63086,25196,37890,109433,63303,46130,75590,53464,22126,40471,32754,7717,22860,11862,10998,1255,861,394,11004,7987,3017,33843,9839,24004,9298,2192,7106,18079,4958,13121,1374,555,819,5092,2134,2958,29899,8389,21510,8220,1800,6420,16790,4501,12289,1099,421,678,3790,1667,2123,3944,1450,2494,1078,392,686,1289,457,832,275,134,141,1302,467,835,82044,33685,48359,0,78338,0.20062613504175,1
"9468","HOSADURGA","Total",46441,206746,104605,102141,22697,11584,11113,44345,22300,22045,17684,8798,8886,132161,74283,57878,74585,30322,44263,116377,67452,48925,90837,59612,31225,51423,36039,15384,20521,10057,10464,824,497,327,18069,13019,5050,25540,7840,17700,5702,1399,4303,11545,3219,8326,1048,412,636,7245,2810,4435,21715,6402,15313,4716,1004,3712,10454,2876,7578,645,299,346,5900,2223,3677,3825,1438,2387,986,395,591,1091,343,748,403,113,290,1345,587,758,90369,37153,53216,0,62029,0.214862046775364,1
"9696","HIRIYUR","Total",51015,229717,116034,113683,24867,12685,12182,61716,31170,30546,23027,11532,11495,146485,82240,64245,83232,33794,49438,124110,71621,52489,94920,60791,34129,39992,30421,9571,34251,16560,17691,2563,1211,1352,18114,12599,5515,29190,10830,18360,3783,1769,2014,17076,5304,11772,1835,528,1307,6496,3229,3267,25545,9339,16206,3317,1570,1747,15607,4728,10879,1421,393,1028,5200,2648,2552,3645,1491,2154,466,199,267,1469,576,893,414,135,279,1296,581,715,105607,44413,61194,0,84743,0.190359437646972,1
"10330","HARAPANAHALLI","Total",49547,254964,130398,124566,33438,17222,16216,69498,35413,34085,43417,22150,21267,149325,86890,62435,105639,43508,62131,133070,77220,55850,110070,68410,41660,41363,33311,8052,49248,22839,26409,2485,1317,1168,16974,10943,6031,23000,8810,14190,2629,1194,1435,13971,4540,9431,1462,547,915,4938,2529,2409,21290,8072,13218,2447,1122,1325,13272,4292,8980,1140,382,758,4431,2276,2155,1710,738,972,182,72,110,699,248,451,322,165,157,507,253,254,121894,53178,68716,0,112915,0.206332141438367,1
"10932","CHANNAGIRI","Total",61354,281004,142027,138977,29119,14955,14164,74071,37358,36713,37898,19020,18878,179449,99475,79974,101555,42552,59003,131329,86975,44354,101976,73760,28216,41476,35470,6006,40576,23408,17168,2209,1680,529,17715,13202,4513,29353,13215,16138,3770,1793,1977,15730,6692,9038,1590,676,914,8263,4054,4209,25452,11625,13827,3401,1652,1749,14510,6193,8317,1004,463,541,6537,3317,3220,3901,1590,2311,369,141,228,1220,499,721,586,213,373,1726,737,989,149675,55052,94623,0,111969,0.0909643523079023,1
"11184","DHARWAD","Total",46493,232765,119544,113221,31020,15950,15070,17557,8941,8616,15799,8001,7798,143794,82559,61235,88971,36985,51986,111461,71557,39904,99687,67310,32377,34911,26465,8446,38028,19116,18912,2182,1575,607,24566,20154,4412,11774,4247,7527,2206,680,1526,6896,1855,5041,321,158,163,2351,1554,797,10199,3538,6661,1749,483,1266,6214,1611,4603,275,137,138,1961,1307,654,1575,709,866,457,197,260,682,244,438,46,21,25,390,247,143,121304,47987,73317,0,33356,0.0908725338925146,1
"11305","NAVALGUND","Total",27067,137328,70304,67024,16690,8575,8115,11575,5922,5653,8216,4185,4031,89304,51919,37385,48024,18385,29639,75968,43687,32281,63298,40150,23148,30941,22585,8356,25313,11725,13588,475,398,77,6569,5442,1127,12670,3537,9133,2915,813,2102,8313,1939,6374,182,106,76,1260,679,581,10779,2638,8141,2304,576,1728,7327,1444,5883,152,86,66,996,532,464,1891,899,992,611,237,374,986,495,491,30,20,10,264,147,117,61360,26617,34743,0,19791,0.169398751591522,1
"11427","KALGHATAGI","Total",27965,137742,71205,66537,18912,9777,9135,17206,8767,8439,7865,4116,3749,80237,46548,33689,57505,24657,32848,73571,44296,29275,63283,41207,22076,25368,19162,6206,26313,12457,13856,638,510,128,10964,9078,1886,10288,3089,7199,2743,622,2121,5895,1493,4402,184,87,97,1466,887,579,8206,2249,5957,2042,330,1712,4891,1127,3764,161,74,87,1112,718,394,2082,840,1242,701,292,409,1004,366,638,23,13,10,354,169,185,64171,26909,37262,0,25071,0.214551069063303,1
"11517","KUNDAGOL","Total",29950,146842,75383,71459,16824,8770,8054,14116,7232,6884,11016,5609,5407,96449,55555,40894,50393,19828,30565,74079,46259,27820,64778,42953,21825,23567,18799,4768,31406,16156,15250,735,565,170,9070,7433,1637,9301,3306,5995,1077,367,710,6791,2020,4771,194,69,125,1239,850,389,8594,3019,5575,984,316,668,6419,1914,4505,121,47,74,1070,742,328,707,287,420,93,51,42,372,106,266,73,22,51,169,108,61,72763,29124,43639,0,25132,0.132662585490103,1
"11578","NARAGUND","Total",12639,64332,32923,31409,8047,4231,3816,5858,2979,2879,3599,1872,1727,41645,24448,17197,22687,8475,14212,32935,19366,13569,27125,17826,9299,14197,10709,3488,9157,4362,4795,414,326,88,3357,2429,928,5810,1540,4270,1517,332,1185,3271,718,2553,99,46,53,923,444,479,5272,1392,3880,1392,285,1107,2962,663,2299,79,40,39,839,404,435,538,148,390,125,47,78,309,55,254,20,6,14,84,40,44,31397,13557,17840,0,9457,0.18921830928108,1
"11616","RON","Total",38801,191763,96504,95259,25073,12739,12334,28713,14468,14245,12976,6541,6435,119462,70493,48969,72301,26011,46290,94735,54964,39771,81688,50418,31270,30650,22812,7838,37622,17057,20565,1584,1222,362,11832,9327,2505,13047,4546,8501,1174,477,697,9833,2913,6920,357,177,180,1683,979,704,12324,4223,8101,1119,455,664,9463,2755,6708,261,134,127,1481,879,602,723,323,400,55,22,33,370,158,212,96,43,53,202,100,102,97028,41540,55488,0,41689,0.124998596087058,1
"11779","SHIRHATTI","Total",29964,146305,74682,71623,18800,9692,9108,36686,18638,18048,12569,6402,6167,90281,52559,37722,56024,22123,33901,74475,44981,29494,66711,42380,24331,20152,15457,4695,35284,18109,17175,1736,1312,424,9539,7502,2037,7764,2601,5163,678,190,488,5481,1558,3923,510,270,240,1095,583,512,7033,2298,4735,643,176,467,5027,1378,3649,461,246,215,902,498,404,731,303,428,35,14,21,454,180,274,49,24,25,193,85,108,71830,29701,42129,0,49255,0.175844060519744,1
"11869","MUNDARAGI","Total",21694,106978,54343,52635,13757,7002,6755,24873,12584,12289,9321,4686,4635,65539,38208,27331,41439,16135,25304,55711,32267,23444,46241,29211,17030,17081,13247,3834,21265,10042,11223,900,553,347,6995,5369,1626,9470,3056,6414,1224,352,872,6799,1935,4864,261,116,145,1186,653,533,8693,2765,5928,1139,319,820,6376,1809,4567,227,99,128,951,538,413,777,291,486,85,33,52,423,126,297,34,17,17,235,115,120,51267,22076,29191,0,34194,0.200983106511656,1
"11930","ALAND","Total",54128,299836,154167,145669,41000,21176,19824,79777,41251,38526,6508,3275,3233,160854,96790,64064,138982,57377,81605,144724,84115,60609,108469,70562,37907,34912,27790,7122,51232,26106,25126,1861,1202,659,20464,15464,5000,36255,13553,22702,1932,835,1097,26921,8887,18034,1089,457,632,6313,3374,2939,32497,11888,20609,1524,672,852,25426,8372,17054,852,356,496,4695,2488,2207,3758,1665,2093,408,163,245,1495,515,980,237,101,136,1618,886,732,155112,70052,85060,1,86285,0.175850115828583,1
"12069","AFZALPUR","Total",34740,193251,99165,94086,29037,14993,14044,38516,19958,18558,1991,1004,987,97953,59471,38482,95298,39694,55604,85667,52129,33538,63914,43023,20891,22464,18160,4304,28614,14609,14005,1162,860,302,11674,9394,2280,21753,9106,12647,1127,512,615,15383,5785,9598,480,286,194,4763,2523,2240,19642,8176,11466,1069,487,582,14516,5550,8966,437,263,174,3620,1876,1744,2111,930,1181,58,25,33,867,235,632,43,23,20,1143,647,496,107584,47036,60548,1,40507,0.170813963365242,1
"12311","CHINCHOLI","Total",44466,233390,116896,116494,33518,17139,16379,86302,43623,42679,8979,4526,4453,117163,69798,47365,116227,47098,69129,113495,64155,49340,88506,54326,34180,25233,19527,5706,44669,21227,23442,1089,718,371,17515,12854,4661,24989,9829,15160,1402,639,763,17246,5999,11247,795,340,455,5546,2851,2695,22327,8906,13421,1248,579,669,15880,5519,10361,676,297,379,4523,2511,2012,2662,923,1739,154,60,94,1366,480,886,119,43,76,1023,340,683,119895,52741,67154,1,95281,0.281775466801183,1
"12462","SEDAM","Total",34553,179231,88782,90449,25127,12672,12455,53424,26670,26754,4027,1955,2072,82208,48648,33560,97023,40134,56889,87310,49254,38056,66224,41628,24596,21452,16726,4726,28191,13009,15182,1098,746,352,15483,11147,4336,21086,7626,13460,1332,459,873,12942,3679,9263,786,276,510,6026,3212,2814,18867,6716,12151,1196,423,773,12210,3508,8702,680,231,449,4781,2554,2227,2219,910,1309,136,36,100,732,171,561,106,45,61,1245,658,587,91921,39528,52393,1,57451,0.336824009795616,1
"12583","CHITTAPUR","Total",49614,282292,141210,141082,43195,22218,20977,85912,43201,42711,5333,2683,2650,128544,76141,52403,153748,65069,88679,126870,75341,51529,95833,62013,33820,29584,22740,6844,35742,17683,18059,1859,1244,615,28648,20346,8302,31037,13328,17709,1678,761,917,17152,6159,10993,1317,595,722,10890,5813,5077,27116,11517,15599,1416,671,745,15967,5748,10219,974,449,525,8759,4649,4110,3921,1811,2110,262,90,172,1185,411,774,343,146,197,2131,1164,967,155422,65869,89553,1,91245,0.2682562612501,1
"12712","JEWARGI","Total",46991,271217,137919,133298,43750,22634,21116,59469,30412,29057,16007,8080,7927,128396,78991,49405,142821,58928,83893,126700,72504,54196,104046,64519,39527,37878,29581,8297,48900,21823,27077,1589,1060,529,15679,12055,3624,22654,7985,14669,2283,1010,1273,15510,4763,10747,665,238,427,4196,1974,2222,20269,7100,13169,2170,964,1206,14452,4357,10095,526,206,320,3121,1573,1548,2385,885,1500,113,46,67,1058,406,652,139,32,107,1075,401,674,144517,65415,79102,1,75476,0.240259550075489,1
"13104","BELUR","Total",40230,161974,80179,81795,14951,7524,7427,53240,26111,27129,4559,2215,2344,110042,59779,50263,51932,20400,31532,88602,52190,36412,79683,49557,30126,40411,28747,11664,21221,9486,11735,668,484,184,17383,10840,6543,8919,2633,6286,2718,765,1953,3960,809,3151,213,127,86,2028,932,1096,8066,2291,5775,2376,641,1735,3701,709,2992,141,76,65,1848,865,983,853,342,511,342,124,218,259,100,159,72,51,21,180,67,113,73372,27989,45383,0,57799,0.191811813144023,1
"14284","ALUR","Total",19483,78714,38954,39760,6867,3390,3477,21884,10681,11203,1915,944,971,52429,28711,23718,26285,10243,16042,45929,25989,19940,40807,24449,16358,21999,14005,7994,7898,3714,4184,322,210,112,10588,6520,4068,5122,1540,3582,1972,496,1476,2173,532,1641,75,20,55,902,492,410,4517,1318,3199,1644,400,1244,2009,467,1542,51,12,39,813,439,374,605,222,383,328,96,232,164,65,99,24,8,16,89,53,36,32785,12965,19820,0,23799,0.242799777502923,1
"15487","SHIGGOAN","Total",28118,137174,70703,66471,17974,9342,8632,21459,11055,10404,10561,5463,5098,89076,50223,38853,48098,20480,27618,65683,43063,22620,54534,39244,15290,21733,18494,3239,22977,13099,9878,1016,571,445,8808,7080,1728,11149,3819,7330,1446,397,1049,7871,2434,5437,404,144,260,1428,844,584,10306,3546,6760,1292,349,943,7588,2367,5221,299,101,198,1127,729,398,843,273,570,154,48,106,283,67,216,105,43,62,301,115,186,71491,27640,43851,0,32020,0.12571542106976,1
"15582","SAVANUR","Total",24126,120954,62396,58558,15933,8074,7859,21527,11071,10456,11980,6218,5762,75227,43149,32078,45727,19247,26480,57071,37486,19585,49035,34338,14697,17754,14633,3121,23779,14003,9776,1047,507,540,6455,5195,1260,8036,3148,4888,533,221,312,5132,1610,3522,317,140,177,2054,1177,877,7168,2630,4538,477,193,284,4528,1285,3243,257,94,163,1906,1058,848,868,518,350,56,28,28,604,325,279,60,46,14,148,119,29,63883,24910,38973,0,33507,0.150056468451613,1
"15970","HIREKERUR","Total",45918,211924,108551,103373,23610,12087,11523,28758,14674,14084,23218,11750,11468,151983,84727,67256,59941,23824,36117,107017,66685,40332,81525,59349,22176,35457,29632,5825,32757,18791,13966,881,750,131,12430,10176,2254,25492,7336,18156,4431,1051,3380,18438,4554,13884,406,257,149,2217,1474,743,23717,6598,17119,4118,942,3176,17316,4124,13192,357,235,122,1926,1297,629,1775,738,1037,313,109,204,1122,430,692,49,22,27,291,177,114,104907,41866,63041,0,51976,0.0690145051975709,1
"16519","SRINIVASAPUR","Total",37719,175511,88467,87044,17829,9168,8661,53184,26622,26562,20815,10452,10363,109656,62674,46982,65855,25793,40062,97110,54457,42653,80673,48693,31980,37466,23900,13566,24040,12046,11994,1309,741,568,17858,12006,5852,16437,5764,10673,2860,985,1875,8177,2544,5633,1064,338,726,4336,1897,2439,14276,4992,9284,2348,774,1574,7393,2374,5019,803,227,576,3732,1617,2115,2161,772,1389,512,211,301,784,170,614,261,111,150,604,280,324,78401,34010,44391,1,73999,0.239079703939683,1
"16869","KOLAR","Total",52630,246948,125219,121729,26712,13654,13058,74453,37302,37151,13316,6763,6553,157433,89653,67780,89515,35566,53949,122981,75063,47918,98423,63976,34447,33763,24169,9594,28581,15056,13525,2140,1253,887,33939,23498,10441,24558,11087,13471,3456,1274,2182,11211,4683,6528,1036,427,609,8855,4703,4152,21953,9957,11996,3051,1130,1921,10358,4428,5930,847,363,484,7697,4036,3661,2605,1130,1475,405,144,261,853,255,598,189,64,125,1158,667,491,123967,50156,73811,1,87769,0.124045193065805,1
"17234","MALUR","Total",43031,196870,100706,96164,21551,10948,10603,53378,26773,26605,20972,10662,10310,119087,68230,50857,77783,32476,45307,96898,60975,35923,69906,48848,21058,21945,17100,4845,20178,11318,8860,972,673,299,26811,19757,7054,26992,12127,14865,2987,1314,1673,14614,5625,8989,806,376,430,8585,4812,3773,24003,10862,13141,2624,1133,1491,13749,5246,8503,675,331,344,6955,4152,2803,2989,1265,1724,363,181,182,865,379,486,131,45,86,1630,660,970,99972,39731,60241,1,74350,0.180063759743894,1
"17600","BANGARAPETE","Total",57973,264750,134102,130648,29946,15368,14578,89407,44820,44587,9425,4696,4729,164427,93438,70989,100323,40664,59659,125847,79300,46547,100832,68541,32291,31418,22800,8618,29603,15248,14355,1502,805,697,38309,29688,8621,25015,10759,14256,3539,1308,2231,12553,4484,8069,729,211,518,8194,4756,3438,21021,9047,11974,3056,1102,1954,10737,3853,6884,600,168,432,6628,3924,2704,3994,1712,2282,483,206,277,1816,631,1185,129,43,86,1566,832,734,138903,54802,84101,1,98832,0.116020458680719,1
"17992","MULBAGAL","Total",42353,201659,101611,100048,23205,11869,11336,66831,33331,33500,7958,4044,3914,121653,69772,51881,80006,31839,48167,112720,61623,51097,90923,53530,37393,37505,23374,14131,34288,17194,17094,1988,834,1154,17142,12128,5014,21797,8093,13704,4376,1532,2844,11448,4033,7415,1509,475,1034,4464,2053,2411,19498,7134,12364,3820,1300,2520,10497,3680,6817,1259,377,882,3922,1777,2145,2299,959,1340,556,232,324,951,353,598,250,98,152,542,276,266,88939,39988,48951,1,74789,0.257729617314603,1
"18338","YELBURGA","Total",47360,252628,127673,124955,36217,18657,17560,49287,24961,24326,29183,14781,14402,144088,86168,57920,108540,41505,67035,131703,71452,60251,98028,58866,39162,37106,27094,10012,40256,16743,23513,2186,1463,723,18480,13566,4914,33675,12586,21089,2418,997,1421,24399,8056,16343,1238,508,730,5620,3025,2595,30556,11431,19125,1964,841,1123,22979,7559,15420,912,420,492,4701,2611,2090,3119,1155,1964,454,156,298,1420,497,923,326,88,238,919,414,505,120925,56221,64704,0,78470,0.192224019145797,1
"18665","GANGAVATHI","Total",68480,354376,176938,177438,50729,25902,24827,72799,36037,36762,58434,29091,29343,196902,112404,84498,157474,64534,92940,170400,99157,71243,132673,84218,48455,40312,31051,9261,58950,28219,30731,2344,1475,869,31067,23473,7594,37727,14939,22788,2777,1190,1587,27604,9664,17940,1029,419,610,6317,3666,2651,33241,13254,19987,2422,1068,1354,24602,8612,15990,779,329,450,5438,3245,2193,4486,1685,2801,355,122,233,3002,1052,1950,250,90,160,879,421,458,183976,77781,106195,0,131233,0.147801694227221,1
"19300","NAGAMANGALA","Total",40790,170121,84798,85323,14964,7678,7286,22075,10934,11141,2026,1072,954,107141,61436,45705,62980,23362,39618,98546,54903,43643,75090,48941,26149,54943,36658,18285,7691,3189,4502,645,362,283,11811,8732,3079,23456,5962,17494,13030,2937,10093,5696,1321,4375,815,221,594,3915,1483,2432,18484,4210,14274,9733,1690,8043,5055,1152,3903,531,110,421,3165,1258,1907,4972,1752,3220,3297,1247,2050,641,169,472,284,111,173,750,225,525,71575,29895,41680,0,24101,0.261586177363769,1
"19670","PANDAVAPURA","Total",38422,162953,81866,81087,15668,8109,7559,20407,10104,10303,2608,1298,1310,96880,55023,41857,66073,26843,39230,83437,53461,29976,73076,49847,23229,44446,32407,12039,15174,7655,7519,1153,727,426,12303,9058,3245,10361,3614,6747,2868,820,2048,4728,1311,3417,265,140,125,2500,1343,1157,9688,3383,6305,2719,766,1953,4463,1263,3200,218,113,105,2288,1241,1047,673,231,442,149,54,95,265,48,217,47,27,20,212,102,110,79516,28405,51111,0,23015,0.218364838570196,1
"20292","MALAVALLY","Total",57389,245664,123908,121756,23503,12185,11318,50836,25428,25408,1373,702,671,143487,80702,62785,102177,43206,58971,117934,78188,39746,92257,66864,25393,43132,35597,7535,28311,15644,12667,1212,737,475,19602,14886,4716,25677,11324,14353,3898,1668,2230,15961,6463,9498,837,411,426,4981,2782,2199,22668,10138,12530,3409,1512,1897,14264,5859,8405,708,350,358,4287,2417,1870,3009,1186,1823,489,156,333,1697,604,1093,129,61,68,694,365,329,127730,45720,82010,0,52209,0.184908105994178,1
"20687","HUNSUR","Total",53791,232098,117516,114582,25563,13071,12492,44548,22500,22048,42458,21441,21017,132101,75383,56718,99997,42133,57864,122515,75050,47465,100592,67142,33450,57836,41391,16445,27057,14077,12980,1327,918,409,14372,10756,3616,21923,7908,14015,4950,1562,3388,12301,3686,8615,531,274,257,4141,2386,1755,18978,6214,12764,4354,1313,3041,11455,3334,8121,409,195,214,2760,1372,1388,2945,1694,1251,596,249,347,846,352,494,122,79,43,1381,1014,367,109583,42466,67117,0,87006,0.306296224222073,1
"20903","K.R.NAGARA","Total",51947,216852,108639,108213,20586,10576,10010,32644,16255,16389,15166,7603,7563,129542,73873,55669,87310,34766,52544,113024,69795,43229,85944,60390,25554,49949,37633,12316,21669,12158,9511,1451,1072,379,12875,9527,3348,27080,9405,17675,4928,1744,3184,15399,4785,10614,1078,348,730,5675,2528,3147,24578,8579,15999,4626,1632,2994,14402,4507,9895,832,247,585,4718,2193,2525,2502,826,1676,302,112,190,997,278,719,246,101,145,957,335,622,103828,38844,64984,0,47810,0.236811283823467,1
"21243","H.D.KOTE","Total",55430,237968,119929,118039,26759,13413,13346,66732,33564,33168,57741,28609,29132,132382,74520,57862,105586,45409,60177,124081,76452,47629,98109,66233,31876,44149,33184,10965,39643,22114,17529,991,699,292,13326,10236,3090,25972,10219,15753,4293,1508,2785,16573,5982,10591,681,318,363,4425,2411,2014,22611,9022,13589,3276,1109,2167,15153,5574,9579,554,248,306,3628,2091,1537,3361,1197,2164,1017,399,618,1420,408,1012,127,70,57,797,320,477,113887,43477,70410,0,124473,0.353751919740566,1
"21527","NANJANAGUD","Total",78727,334324,168030,166294,33106,16833,16273,77538,38870,38668,49702,24485,25217,177916,99155,78761,156408,68875,87533,152282,109096,43186,124104,95006,29098,42337,37169,5168,47624,30973,16651,1681,1208,473,32462,25656,6806,28178,14090,14088,2495,1238,1257,16631,7390,9241,1011,347,664,8041,5115,2926,24804,12727,12077,2264,1166,1098,15345,6987,8358,656,262,394,6539,4312,2227,3374,1363,2011,231,72,159,1286,403,883,355,85,270,1502,803,699,182042,58934,123108,0,127240,0.276102892598194,1
"21720","T.N.PURA","Total",60813,260159,130411,129748,26505,13405,13100,72503,36162,36341,34380,17113,17267,143200,78143,65057,116959,52268,64691,110671,82685,27986,78047,62522,15525,28478,26148,2330,27905,19284,8621,1176,894,282,20488,16196,4292,32624,20163,12461,2794,2293,501,21848,12772,9076,1434,732,702,6548,4366,2182,27864,17441,10423,2689,2227,462,19308,11369,7939,898,475,423,4969,3370,1599,4760,2722,2038,105,66,39,2540,1403,1137,536,257,279,1579,996,583,149488,47726,101762,0,106883,0.17973418653814,1
"21855","LINGASUGUR","Total",54940,314021,158245,155776,50328,25915,24413,76106,38594,37512,62160,31105,31055,152056,93171,58885,161965,65074,96891,146937,84317,62620,109382,71861,37521,47696,37742,9954,35529,14333,21196,2627,1678,949,23530,18108,5422,37555,12456,25099,2770,1266,1504,25864,6427,19437,1154,466,688,7767,4297,3470,33284,10528,22756,2421,1112,1309,24519,6013,18506,996,392,604,5348,3011,2337,4271,1928,2343,349,154,195,1345,414,931,158,74,84,2419,1286,1133,167084,73928,93156,0,138266,0.256054561720487,1
"22050","DEVADURGA","Total",43311,251677,125539,126138,41546,21145,20401,55320,27636,27684,88064,43772,44292,99122,61006,38116,152555,64533,88022,128523,69608,58915,104680,61331,43349,45061,32000,13061,46396,20013,26383,1253,831,422,11970,8487,3483,23843,8277,15566,1783,693,1090,18434,5735,12699,711,171,540,2915,1678,1237,21730,7423,14307,1600,616,984,16966,5224,11742,655,144,511,2509,1439,1070,2113,854,1259,183,77,106,1468,511,957,56,27,29,406,239,167,123154,55931,67223,0,143384,0.601427984238921,1
"22241","RAICHUR","Total",52001,264564,131899,132665,41137,21056,20081,58590,29361,29229,53438,26458,26980,120070,73276,46794,144494,58623,85871,134431,74138,60293,104842,62853,41989,35381,24737,10644,44647,20319,24328,1981,1154,827,22833,16643,6190,29589,11285,18304,2169,862,1307,19238,6284,12954,1115,439,676,7067,3700,3367,25764,9672,16092,1958,763,1195,17098,5469,11629,863,318,545,5845,3122,2723,3825,1613,2212,211,99,112,2140,815,1325,252,121,131,1222,578,644,130133,57761,72372,0,112028,0.464908552779463,1
"22405","MANVI","Total",62462,324205,160902,163303,47478,24288,23190,71236,35343,35893,83675,41226,42449,146133,87594,58539,178072,73308,104764,165880,91202,74678,131765,77911,53854,46041,33622,12419,67582,31193,36389,1862,1245,617,16280,11851,4429,34115,13291,20824,2120,1042,1078,26881,9638,17243,828,320,508,4286,2291,1995,30147,11754,18393,1716,866,850,24418,8782,15636,639,251,388,3374,1855,1519,3968,1537,2431,404,176,228,2463,856,1607,189,69,120,912,436,476,158325,69700,88625,0,154911,0.569185592034817,1
"22579","SINDHANUR","Total",61432,317363,158235,159128,43485,22368,21117,59733,29658,30075,49255,24317,24938,163522,96978,66544,153841,61257,92584,162266,90320,71946,134187,80251,53936,51925,38173,13752,62329,28477,33852,2013,1237,776,17920,12364,5556,28079,10069,18010,2676,1147,1529,19723,6221,13502,796,288,508,4884,2413,2471,25075,8895,16180,2200,984,1216,18339,5742,12597,581,183,398,3955,1986,1969,3004,1174,1830,476,163,313,1384,479,905,215,105,110,929,427,502,155097,67915,87182,0,108988,0.324009563558486,1
"22756","MAGADI","Total",42987,176236,88784,87452,16331,8263,8068,37227,18644,18583,5475,2762,2713,110468,63022,47446,65768,25762,40006,95100,57235,37865,74240,49409,24831,43431,30355,13076,10962,5175,5787,1964,1076,888,17883,12803,5080,20860,7826,13034,5103,1998,3105,7214,1992,5222,1751,660,1091,6792,3176,3616,17963,6574,11389,4749,1859,2890,6726,1808,4918,1451,550,901,5037,2357,2680,2897,1252,1645,354,139,215,488,184,304,300,110,190,1755,819,936,81136,31549,49587,1,42702,0.228542147865852,1
"23045","RAMANAGARA","Total",42256,171447,88222,83225,17152,8750,8402,32934,16707,16227,6958,3526,3432,107436,61965,45471,64011,26257,37754,87084,57716,29368,80907,55040,25867,35157,23726,11431,14492,7306,7186,1159,716,443,30099,23292,6807,6177,2676,3501,1651,387,1264,1815,549,1266,187,125,62,2524,1615,909,5069,2251,2818,1282,323,959,1581,506,1075,162,112,50,2044,1310,734,1108,425,683,369,64,305,234,43,191,25,13,12,480,305,175,84363,30506,53857,1,39892,0.18966041498001,1
"23188","CHANNAPATNA","Total",46465,189362,94310,95052,17345,8810,8535,35401,17725,17676,727,349,378,111760,63518,48242,77602,30792,46810,96210,61325,34885,82162,55394,26768,35926,26304,9622,21457,11487,9970,1324,733,591,23455,16870,6585,14048,5931,8117,2907,775,2132,7468,3061,4407,328,140,188,3345,1955,1390,12395,5217,7178,2731,731,2000,6739,2847,3892,272,114,158,2653,1525,1128,1653,714,939,176,44,132,729,214,515,56,26,30,692,430,262,93152,32985,60167,1,36128,0.234472834254718,1
"23336","KANAKAPURA","Total",72748,296863,151060,145803,28578,14647,13931,61278,31088,30190,6722,3420,3302,165925,95308,70617,130938,55752,75186,154633,96071,58562,134258,87767,46491,76580,52584,23996,27490,13110,14380,1849,1029,820,28339,21044,7295,20375,8304,12071,4350,1245,3105,9007,3067,5940,719,313,406,6299,3679,2620,17558,6938,10620,3774,1041,2733,8064,2718,5346,480,198,282,5240,2981,2259,2817,1366,1451,576,204,372,943,349,594,239,115,124,1059,698,361,142230,54989,87241,1,68000,0.344665878611117,1
"23883","SORAB","Total",44100,189477,95507,93970,21366,10831,10535,37851,19080,18771,7545,3803,3742,131204,72180,59024,58273,23327,34946,98790,60522,38268,75737,53589,22148,38197,31280,6917,27104,14757,12347,1016,717,299,9420,6835,2585,23053,6933,16120,3667,947,2720,17002,4740,12262,439,180,259,1945,1066,879,20633,6144,14489,3157,788,2369,15611,4343,11268,313,126,187,1552,887,665,2420,789,1631,510,159,351,1391,397,994,126,54,72,393,179,214,90687,34985,55702,0,45396,0.114239575573127,1
"24578","THIRTHAHALLI","Total",31614,127478,62789,64689,10526,5416,5110,12664,6116,6548,2563,1246,1317,96009,50569,45440,31469,12220,19249,65402,41096,24306,53944,37037,16907,19198,14815,4383,19952,11332,8620,687,448,239,14107,10442,3665,11458,4059,7399,1716,323,1393,6279,2262,4017,411,150,261,3052,1324,1728,9501,3487,6014,1388,265,1123,5635,2058,3577,295,107,188,2183,1057,1126,1957,572,1385,328,58,270,644,204,440,116,43,73,869,267,602,62076,21693,40383,0,15227,0.114369318090559,1
"25430","SIRA","Total",58138,256204,129920,126284,26450,13585,12865,60976,30912,30064,26768,13485,13283,159077,91449,67628,97127,38471,58656,141431,81053,60378,108412,70699,37713,51723,39247,12476,31682,15372,16310,4137,1433,2704,20870,14647,6223,33019,10354,22665,6992,1972,5020,17760,4621,13139,1760,488,1272,6507,3273,3234,28314,8510,19804,6399,1773,4626,15770,3913,11857,1477,394,1083,4668,2430,2238,4705,1844,2861,593,199,394,1990,708,1282,283,94,189,1839,843,996,114773,48867,65906,0,87744,0.242376175929138,1
"25682","PAVAGADA","Total",49118,216708,109381,107327,21598,11177,10421,62192,31427,30765,38199,19133,19066,126035,73706,52329,90673,35675,54998,123011,67196,55815,96880,57602,39278,38021,25542,12479,38437,17885,20552,3345,2087,1258,17077,12088,4989,26131,9594,16537,2761,1045,1716,16065,5196,10869,2199,688,1511,5106,2665,2441,23770,8659,15111,2498,922,1576,15095,4884,10211,1794,562,1232,4383,2291,2092,2361,935,1426,263,123,140,970,312,658,405,126,279,723,374,349,93697,42185,51512,0,100391,0.373665325670835,1
"25838","MADHUGIRI","Total",56986,238707,120086,118621,24312,12368,11944,59510,30016,29494,29490,14791,14699,145853,84100,61753,92854,35986,56868,138709,75858,62851,109138,65124,44014,48363,33426,14937,40420,18351,22069,2432,1063,1369,17923,12284,5639,29571,10734,18837,3222,1287,1935,19248,5992,13256,1583,535,1048,5518,2920,2598,26769,9554,17215,2940,1155,1785,18139,5545,12594,1279,445,834,4411,2409,2002,2802,1180,1622,282,132,150,1109,447,662,304,90,214,1107,511,596,99998,44228,55770,0,89000,0.343094789855555,1
"26163","KORATAGERE","Total",36874,152326,76749,75577,15647,7966,7681,35935,17889,18046,16003,8031,7972,96495,54433,42062,55831,22316,33515,89208,49227,39981,67679,41998,25681,36876,25122,11754,17708,7625,10083,936,448,488,12159,8803,3356,21529,7229,14300,3068,1390,1678,13709,3593,10116,641,237,404,4111,2009,2102,19104,6243,12861,2703,1187,1516,12501,3194,9307,573,208,365,3327,1654,1673,2425,986,1439,365,203,162,1208,399,809,68,29,39,784,355,429,63118,27522,35596,0,51938,0.277300797732711,1
"26417","TUMKUR","Total",67797,290254,150272,139982,28695,14636,14059,61264,31174,30090,22152,11397,10755,198918,113619,85299,91336,36653,54683,143934,91343,52591,115972,80622,35350,50332,37164,13168,23631,12315,11316,2940,1381,1559,39069,29762,9307,27962,10721,17241,4493,1233,3260,11944,3179,8765,2058,635,1423,9467,5674,3793,25132,9408,15724,4075,1074,3001,11106,2905,8201,1826,530,1296,8125,4899,3226,2830,1313,1517,418,159,259,838,274,564,232,105,127,1342,775,567,146320,58929,87391,0,83416,0.0707470338624711,1
"27376","TURUVEKERE","Total",38552,154800,76891,77909,13639,7051,6588,21162,10434,10728,4332,2176,2156,107724,59432,48292,47076,17459,29617,78208,49812,28396,61106,45695,15411,37949,30417,7532,8934,4637,4297,786,489,297,13437,10152,3285,17102,4117,12985,5775,963,4812,7585,1681,5904,428,167,261,3314,1306,2008,15269,3488,11781,4958,705,4253,7216,1600,5616,363,146,217,2732,1037,1695,1833,629,1204,817,258,559,369,81,288,65,21,44,582,269,313,76592,27079,49513,0,25494,0.131069926354009,1
"27623","KUNIGAL","Total",47648,191628,95485,96143,17624,9133,8491,27244,13339,13905,2335,1197,1138,114644,65862,48782,76984,29623,47361,107630,62182,45448,89607,57273,32334,59245,38826,20419,11490,5182,6308,1509,746,763,17363,12519,4844,18023,4909,13114,5347,1292,4055,7519,1522,5997,520,185,335,4637,1910,2727,16054,4130,11924,4735,1072,3663,6876,1290,5586,425,142,283,4018,1626,2392,1969,779,1190,612,220,392,643,232,411,95,43,52,619,284,335,83998,33303,50695,0,29579,0.297935600906999,1
"29541","SHORAPUR","Total",62591,360893,182403,178490,60015,30852,29163,78157,39524,38633,74322,37437,36885,158382,98107,60275,202511,84296,118215,173081,98921,74160,138044,85958,52086,50953,40409,10544,60811,26181,34630,2678,1515,1163,23602,17853,5749,35037,12963,22074,2172,904,1268,25372,7999,17373,754,333,421,6739,3727,3012,32331,12039,20292,1740,838,902,24441,7725,16716,569,267,302,5581,3209,2372,2706,924,1782,432,66,366,931,274,657,185,66,119,1158,518,640,187812,83482,104330,1,152479,0.433004868428328,1
"29745","SHAHAPUR","Total",50705,302226,152073,150153,50143,25661,24482,80026,40266,39760,29629,14752,14877,118839,72966,45873,183387,79107,104280,148486,83008,65478,121186,72517,48669,46482,34787,11695,52865,21629,31236,1699,1178,521,20140,14923,5217,27300,10491,16809,1941,939,1002,18004,5734,12270,1141,535,606,6214,3283,2931,24408,9371,15037,1762,850,912,16857,5376,11481,987,474,513,4802,2671,2131,2892,1120,1772,179,89,90,1147,358,789,154,61,93,1412,612,800,153740,69065,84675,1,109655,0.552683164709145,1
"29898","YADGIR","Total",51177,303451,151156,152295,49955,25438,24517,84826,42162,42664,25440,12704,12736,104702,64279,40423,198749,86877,111872,151120,82566,68554,114976,71656,43320,50151,40072,10079,42496,15881,26615,1700,1139,561,20629,14564,6065,36144,10910,25234,2829,1002,1827,25718,6034,19684,933,450,483,6664,3424,3240,32472,9517,22955,2406,823,1583,23688,5357,18331,753,366,387,5625,2971,2654,3672,1393,2279,423,179,244,2030,677,1353,180,84,96,1039,453,586,152331,68590,83741,1,110266,0.720940412455717,1
